-- phpMyAdmin SQL Dump
-- version 4.6.5.2
-- https://www.phpmyadmin.net/
--
-- Host: localhost
-- Generation Time: May 04, 2017 at 12:43 م
-- Server version: 10.1.21-MariaDB
-- PHP Version: 7.1.1

SET SQL_MODE = "NO_AUTO_VALUE_ON_ZERO";
SET time_zone = "+00:00";


/*!40101 SET @OLD_CHARACTER_SET_CLIENT=@@CHARACTER_SET_CLIENT */;
/*!40101 SET @OLD_CHARACTER_SET_RESULTS=@@CHARACTER_SET_RESULTS */;
/*!40101 SET @OLD_COLLATION_CONNECTION=@@COLLATION_CONNECTION */;
/*!40101 SET NAMES utf8mb4 */;

--
-- Database: `salahly`
--

-- --------------------------------------------------------

--
-- Table structure for table `cats`
--

CREATE TABLE `cats` (
  `id` int(10) UNSIGNED NOT NULL,
  `title` varchar(50) COLLATE utf8mb4_unicode_ci NOT NULL
) ENGINE=InnoDB DEFAULT CHARSET=utf8mb4 COLLATE=utf8mb4_unicode_ci;

--
-- Dumping data for table `cats`
--

INSERT INTO `cats` (`id`, `title`) VALUES
(1, 'الهاردوير'),
(2, 'السوفتوير');

-- --------------------------------------------------------

--
-- Table structure for table `chats`
--

CREATE TABLE `chats` (
  `id` int(10) UNSIGNED NOT NULL,
  `msg` varchar(191) COLLATE utf8mb4_unicode_ci NOT NULL,
  `readed_at` timestamp NULL DEFAULT NULL,
  `sender_id` int(10) UNSIGNED NOT NULL,
  `receiver_id` int(10) UNSIGNED NOT NULL,
  `created_at` timestamp NULL DEFAULT NULL,
  `updated_at` timestamp NULL DEFAULT NULL
) ENGINE=InnoDB DEFAULT CHARSET=utf8mb4 COLLATE=utf8mb4_unicode_ci;

-- --------------------------------------------------------

--
-- Table structure for table `comments`
--

CREATE TABLE `comments` (
  `id` int(10) UNSIGNED NOT NULL,
  `comment` text COLLATE utf8mb4_unicode_ci NOT NULL,
  `parent_id` int(10) UNSIGNED NOT NULL DEFAULT '0',
  `question_id` int(10) UNSIGNED NOT NULL,
  `likes` int(11) NOT NULL DEFAULT '0',
  `created` timestamp NOT NULL DEFAULT CURRENT_TIMESTAMP,
  `user_id` int(10) UNSIGNED NOT NULL,
  `deleted_at` timestamp NULL DEFAULT NULL
) ENGINE=InnoDB DEFAULT CHARSET=utf8mb4 COLLATE=utf8mb4_unicode_ci;

--
-- Dumping data for table `comments`
--

INSERT INTO `comments` (`id`, `comment`, `parent_id`, `question_id`, `likes`, `created`, `user_id`, `deleted_at`) VALUES
(1, 'السلام عليكم ، يمكنني مساعدتك باقل تكلفه يمكنك التواصل معي ', 0, 5, 0, '2017-04-25 12:09:09', 2, NULL),
(2, 'السلام عليكم ، يمكنني مساعدتك باقل تكلفه يمكنك التواصل معي ', 0, 32, 0, '2017-04-25 12:09:09', 6, NULL),
(3, 'السلام عليكم ، يمكنني مساعدتك باقل تكلفه يمكنك التواصل معي ', 0, 17, 0, '2017-04-25 12:09:09', 3, NULL),
(4, 'السلام عليكم ، يمكنني مساعدتك باقل تكلفه يمكنك التواصل معي ', 0, 12, 0, '2017-04-25 12:09:09', 13, NULL),
(5, 'السلام عليكم ، يمكنني مساعدتك باقل تكلفه يمكنك التواصل معي ', 0, 28, 0, '2017-04-25 12:09:09', 19, NULL),
(6, 'السلام عليكم ، يمكنني مساعدتك باقل تكلفه يمكنك التواصل معي ', 0, 12, 0, '2017-04-25 12:09:09', 12, NULL),
(7, 'السلام عليكم ، يمكنني مساعدتك باقل تكلفه يمكنك التواصل معي ', 0, 21, 0, '2017-04-25 12:09:09', 20, NULL),
(8, 'السلام عليكم ، يمكنني مساعدتك باقل تكلفه يمكنك التواصل معي ', 0, 37, 0, '2017-04-25 12:09:09', 12, NULL),
(9, 'السلام عليكم ، يمكنني مساعدتك باقل تكلفه يمكنك التواصل معي ', 0, 32, 0, '2017-04-25 12:09:10', 20, NULL),
(10, 'السلام عليكم ، يمكنني مساعدتك باقل تكلفه يمكنك التواصل معي ', 0, 8, 0, '2017-04-25 12:09:10', 14, NULL),
(11, 'السلام عليكم ، يمكنني مساعدتك باقل تكلفه يمكنك التواصل معي ', 0, 9, 0, '2017-04-25 12:09:10', 6, NULL),
(12, 'السلام عليكم ، يمكنني مساعدتك باقل تكلفه يمكنك التواصل معي ', 0, 12, 0, '2017-04-25 12:09:10', 14, NULL),
(13, 'السلام عليكم ، يمكنني مساعدتك باقل تكلفه يمكنك التواصل معي ', 0, 10, 0, '2017-04-25 12:09:10', 18, NULL),
(14, 'السلام عليكم ، يمكنني مساعدتك باقل تكلفه يمكنك التواصل معي ', 0, 37, 0, '2017-04-25 12:09:10', 20, NULL),
(15, 'السلام عليكم ، يمكنني مساعدتك باقل تكلفه يمكنك التواصل معي ', 0, 37, 0, '2017-04-25 12:09:10', 3, NULL),
(16, 'السلام عليكم ، يمكنني مساعدتك باقل تكلفه يمكنك التواصل معي ', 0, 35, 0, '2017-04-25 12:09:10', 1, NULL),
(17, 'السلام عليكم ، يمكنني مساعدتك باقل تكلفه يمكنك التواصل معي ', 0, 7, 0, '2017-04-25 12:09:11', 13, NULL),
(18, 'السلام عليكم ، يمكنني مساعدتك باقل تكلفه يمكنك التواصل معي ', 0, 12, 0, '2017-04-25 12:09:11', 12, NULL),
(19, 'السلام عليكم ، يمكنني مساعدتك باقل تكلفه يمكنك التواصل معي ', 0, 31, 0, '2017-04-25 12:09:11', 12, NULL),
(20, 'السلام عليكم ، يمكنني مساعدتك باقل تكلفه يمكنك التواصل معي ', 0, 7, 0, '2017-04-25 12:09:11', 9, NULL),
(21, 'السلام عليكم ، يمكنني مساعدتك باقل تكلفه يمكنك التواصل معي ', 0, 20, 0, '2017-04-25 12:09:11', 10, NULL),
(22, 'السلام عليكم ، يمكنني مساعدتك باقل تكلفه يمكنك التواصل معي ', 0, 2, 0, '2017-04-25 12:09:11', 20, NULL),
(23, 'السلام عليكم ، يمكنني مساعدتك باقل تكلفه يمكنك التواصل معي ', 0, 18, 0, '2017-04-25 12:09:11', 20, NULL),
(24, 'السلام عليكم ، يمكنني مساعدتك باقل تكلفه يمكنك التواصل معي ', 0, 22, 0, '2017-04-25 12:09:11', 5, NULL),
(25, 'السلام عليكم ، يمكنني مساعدتك باقل تكلفه يمكنك التواصل معي ', 0, 38, 0, '2017-04-25 12:09:11', 15, NULL),
(26, 'السلام عليكم ، يمكنني مساعدتك باقل تكلفه يمكنك التواصل معي ', 0, 36, 0, '2017-04-25 12:09:11', 4, NULL),
(27, 'السلام عليكم ، يمكنني مساعدتك باقل تكلفه يمكنك التواصل معي ', 0, 1, 0, '2017-04-25 12:09:11', 4, NULL),
(28, 'السلام عليكم ، يمكنني مساعدتك باقل تكلفه يمكنك التواصل معي ', 0, 35, 0, '2017-04-25 12:09:11', 5, NULL),
(29, 'السلام عليكم ، يمكنني مساعدتك باقل تكلفه يمكنك التواصل معي ', 0, 2, 0, '2017-04-25 12:09:11', 16, NULL),
(30, 'السلام عليكم ، يمكنني مساعدتك باقل تكلفه يمكنك التواصل معي ', 0, 10, 0, '2017-04-25 12:09:11', 20, NULL),
(31, 'السلام عليكم ، يمكنني مساعدتك باقل تكلفه يمكنك التواصل معي ', 0, 36, 0, '2017-04-25 12:09:11', 3, NULL),
(32, 'السلام عليكم ، يمكنني مساعدتك باقل تكلفه يمكنك التواصل معي ', 0, 40, 0, '2017-04-25 12:09:11', 1, NULL),
(33, 'السلام عليكم ، يمكنني مساعدتك باقل تكلفه يمكنك التواصل معي ', 0, 31, 0, '2017-04-25 12:09:11', 6, NULL),
(34, 'السلام عليكم ، يمكنني مساعدتك باقل تكلفه يمكنك التواصل معي ', 0, 24, 0, '2017-04-25 12:09:12', 11, NULL),
(35, 'السلام عليكم ، يمكنني مساعدتك باقل تكلفه يمكنك التواصل معي ', 0, 34, 0, '2017-04-25 12:09:12', 16, NULL),
(36, 'السلام عليكم ، يمكنني مساعدتك باقل تكلفه يمكنك التواصل معي ', 0, 39, 0, '2017-04-25 12:09:12', 7, NULL),
(37, 'السلام عليكم ، يمكنني مساعدتك باقل تكلفه يمكنك التواصل معي ', 0, 9, 0, '2017-04-25 12:09:12', 1, NULL),
(38, 'السلام عليكم ، يمكنني مساعدتك باقل تكلفه يمكنك التواصل معي ', 0, 12, 0, '2017-04-25 12:09:12', 13, NULL),
(39, 'السلام عليكم ، يمكنني مساعدتك باقل تكلفه يمكنك التواصل معي ', 0, 39, 1, '2017-04-25 12:09:12', 17, NULL),
(40, 'السلام عليكم ، يمكنني مساعدتك باقل تكلفه يمكنك التواصل معي ', 0, 35, 0, '2017-04-25 12:09:12', 19, NULL),
(41, 'السلام عليكم ، يمكنني مساعدتك باقل تكلفه يمكنك التواصل معي ', 0, 23, 0, '2017-04-25 12:09:12', 15, NULL),
(42, 'السلام عليكم ، يمكنني مساعدتك باقل تكلفه يمكنك التواصل معي ', 0, 3, 0, '2017-04-25 12:09:12', 12, NULL),
(43, 'السلام عليكم ، يمكنني مساعدتك باقل تكلفه يمكنك التواصل معي ', 0, 36, 0, '2017-04-25 12:09:12', 19, NULL),
(44, 'السلام عليكم ، يمكنني مساعدتك باقل تكلفه يمكنك التواصل معي ', 0, 33, 0, '2017-04-25 12:09:12', 19, NULL),
(45, 'السلام عليكم ، يمكنني مساعدتك باقل تكلفه يمكنك التواصل معي ', 0, 28, 0, '2017-04-25 12:09:12', 2, NULL),
(46, 'السلام عليكم ، يمكنني مساعدتك باقل تكلفه يمكنك التواصل معي ', 0, 37, 0, '2017-04-25 12:09:12', 12, NULL),
(47, 'السلام عليكم ، يمكنني مساعدتك باقل تكلفه يمكنك التواصل معي ', 0, 8, 1, '2017-04-25 12:09:12', 18, NULL),
(48, 'السلام عليكم ، يمكنني مساعدتك باقل تكلفه يمكنك التواصل معي ', 0, 24, 0, '2017-04-25 12:09:12', 19, NULL),
(49, 'السلام عليكم ، يمكنني مساعدتك باقل تكلفه يمكنك التواصل معي ', 0, 6, 0, '2017-04-25 12:09:12', 4, NULL),
(50, 'السلام عليكم ، يمكنني مساعدتك باقل تكلفه يمكنك التواصل معي ', 0, 19, 0, '2017-04-25 12:09:12', 20, NULL),
(51, 'السلام عليكم ، يمكنني مساعدتك باقل تكلفه يمكنك التواصل معي ', 0, 38, 0, '2017-04-25 12:09:13', 9, NULL),
(52, 'السلام عليكم ، يمكنني مساعدتك باقل تكلفه يمكنك التواصل معي ', 0, 12, 0, '2017-04-25 12:09:13', 3, NULL),
(53, 'السلام عليكم ، يمكنني مساعدتك باقل تكلفه يمكنك التواصل معي ', 0, 18, 0, '2017-04-25 12:09:13', 12, NULL),
(54, 'السلام عليكم ، يمكنني مساعدتك باقل تكلفه يمكنك التواصل معي ', 0, 32, 1, '2017-04-25 12:09:13', 8, NULL),
(55, 'السلام عليكم ، يمكنني مساعدتك باقل تكلفه يمكنك التواصل معي ', 0, 17, 0, '2017-04-25 12:09:13', 13, NULL),
(56, 'السلام عليكم ، يمكنني مساعدتك باقل تكلفه يمكنك التواصل معي ', 0, 13, 0, '2017-04-25 12:09:13', 20, NULL),
(57, 'السلام عليكم ، يمكنني مساعدتك باقل تكلفه يمكنك التواصل معي ', 0, 15, 0, '2017-04-25 12:09:13', 8, NULL),
(58, 'السلام عليكم ، يمكنني مساعدتك باقل تكلفه يمكنك التواصل معي ', 0, 22, 0, '2017-04-25 12:09:13', 6, NULL),
(59, 'السلام عليكم ، يمكنني مساعدتك باقل تكلفه يمكنك التواصل معي ', 0, 12, 0, '2017-04-25 12:09:13', 8, NULL),
(60, 'السلام عليكم ، يمكنني مساعدتك باقل تكلفه يمكنك التواصل معي ', 0, 9, 0, '2017-04-25 12:09:13', 20, NULL),
(61, 'و عليكم السﻻم خاص بقى', 47, 8, 0, '2017-04-26 10:35:14', 13, NULL),
(62, 'تعليق', 0, 41, 0, '2017-04-26 12:13:46', 24, NULL),
(63, 'كومنت', 62, 41, 0, '2017-04-26 12:14:06', 17, NULL);

-- --------------------------------------------------------

--
-- Table structure for table `company_details`
--

CREATE TABLE `company_details` (
  `id` int(10) UNSIGNED NOT NULL,
  `address` varchar(70) COLLATE utf8mb4_unicode_ci NOT NULL DEFAULT '-',
  `desc` text COLLATE utf8mb4_unicode_ci,
  `rating` double NOT NULL DEFAULT '0',
  `company_id` int(10) UNSIGNED NOT NULL,
  `deleted_at` timestamp NULL DEFAULT NULL,
  `aprovment` enum('aprove','waiting') COLLATE utf8mb4_unicode_ci NOT NULL DEFAULT 'waiting'
) ENGINE=InnoDB DEFAULT CHARSET=utf8mb4 COLLATE=utf8mb4_unicode_ci;

--
-- Dumping data for table `company_details`
--

INSERT INTO `company_details` (`id`, `address`, `desc`, `rating`, `company_id`, `deleted_at`, `aprovment`) VALUES
(1, '30 شارع عبد السلام سيدي بشر', 'نحن شركة متخصصة في مجال صيانة اللاب توب و اجهزه الكمبيوتر و بالاخص مجال الهاردوير عموما نعمل بالمجال من اكثر من 4 سنزات لدينا عمال متخصصون نتيميز بالجدية و الامانه و انجاز العمل بأسرع وقت و هذا ما يميزنا ', 3, 1, NULL, 'aprove'),
(2, '30 شارع عبد السلام سيدي بشر', 'نحن شركة متخصصة في مجال صيانة اللاب توب و اجهزه الكمبيوتر و بالاخص مجال الهاردوير عموما نعمل بالمجال من اكثر من 4 سنزات لدينا عمال متخصصون نتيميز بالجدية و الامانه و انجاز العمل بأسرع وقت و هذا ما يميزنا ', 1, 2, NULL, 'aprove'),
(3, '30 شارع عبد السلام سيدي بشر', 'نحن شركة متخصصة في مجال صيانة اللاب توب و اجهزه الكمبيوتر و بالاخص مجال الهاردوير عموما نعمل بالمجال من اكثر من 4 سنزات لدينا عمال متخصصون نتيميز بالجدية و الامانه و انجاز العمل بأسرع وقت و هذا ما يميزنا ', 3, 3, NULL, 'aprove'),
(4, '30 شارع عبد السلام سيدي بشر', 'نحن شركة متخصصة في مجال صيانة اللاب توب و اجهزه الكمبيوتر و بالاخص مجال الهاردوير عموما نعمل بالمجال من اكثر من 4 سنزات لدينا عمال متخصصون نتيميز بالجدية و الامانه و انجاز العمل بأسرع وقت و هذا ما يميزنا ', 4, 4, NULL, 'aprove'),
(5, '30 شارع عبد السلام سيدي بشر', 'نحن شركة متخصصة في مجال صيانة اللاب توب و اجهزه الكمبيوتر و بالاخص مجال الهاردوير عموما نعمل بالمجال من اكثر من 4 سنزات لدينا عمال متخصصون نتيميز بالجدية و الامانه و انجاز العمل بأسرع وقت و هذا ما يميزنا ', 5, 5, NULL, 'aprove'),
(6, '30 شارع عبد السلام سيدي بشر', 'نحن شركة متخصصة في مجال صيانة اللاب توب و اجهزه الكمبيوتر و بالاخص مجال الهاردوير عموما نعمل بالمجال من اكثر من 4 سنزات لدينا عمال متخصصون نتيميز بالجدية و الامانه و انجاز العمل بأسرع وقت و هذا ما يميزنا ', 1, 6, NULL, 'aprove'),
(7, '30 شارع عبد السلام سيدي بشر', 'نحن شركة متخصصة في مجال صيانة اللاب توب و اجهزه الكمبيوتر و بالاخص مجال الهاردوير عموما نعمل بالمجال من اكثر من 4 سنزات لدينا عمال متخصصون نتيميز بالجدية و الامانه و انجاز العمل بأسرع وقت و هذا ما يميزنا ', 3, 7, NULL, 'aprove'),
(8, '30 شارع عبد السلام سيدي بشر', 'نحن شركة متخصصة في مجال صيانة اللاب توب و اجهزه الكمبيوتر و بالاخص مجال الهاردوير عموما نعمل بالمجال من اكثر من 4 سنزات لدينا عمال متخصصون نتيميز بالجدية و الامانه و انجاز العمل بأسرع وقت و هذا ما يميزنا ', 1, 8, NULL, 'aprove'),
(9, '30 شارع عبد السلام سيدي بشر', 'نحن شركة متخصصة في مجال صيانة اللاب توب و اجهزه الكمبيوتر و بالاخص مجال الهاردوير عموما نعمل بالمجال من اكثر من 4 سنزات لدينا عمال متخصصون نتيميز بالجدية و الامانه و انجاز العمل بأسرع وقت و هذا ما يميزنا ', 2, 9, NULL, 'aprove'),
(10, '30 شارع عبد السلام سيدي بشر', 'نحن شركة متخصصة في مجال صيانة اللاب توب و اجهزه الكمبيوتر و بالاخص مجال الهاردوير عموما نعمل بالمجال من اكثر من 4 سنزات لدينا عمال متخصصون نتيميز بالجدية و الامانه و انجاز العمل بأسرع وقت و هذا ما يميزنا ', 1, 10, NULL, 'aprove'),
(11, '30 شارع عبد السلام سيدي بشر', 'نحن شركة متخصصة في مجال صيانة اللاب توب و اجهزه الكمبيوتر و بالاخص مجال الهاردوير عموما نعمل بالمجال من اكثر من 4 سنزات لدينا عمال متخصصون نتيميز بالجدية و الامانه و انجاز العمل بأسرع وقت و هذا ما يميزنا here we arehere we arehere we arehere we arehere we are', 0, 22, NULL, 'aprove'),
(12, 'هناهناهنا', 'هناهناهناهناهناهناهناهناهناهناهناهناهناهناهنا', 0, 24, NULL, 'waiting');

-- --------------------------------------------------------

--
-- Table structure for table `faqs`
--

CREATE TABLE `faqs` (
  `id` int(10) UNSIGNED NOT NULL,
  `question` text COLLATE utf8mb4_unicode_ci NOT NULL,
  `answer` text COLLATE utf8mb4_unicode_ci NOT NULL
) ENGINE=InnoDB DEFAULT CHARSET=utf8mb4 COLLATE=utf8mb4_unicode_ci;

--
-- Dumping data for table `faqs`
--

INSERT INTO `faqs` (`id`, `question`, `answer`) VALUES
(1, 'تم إيقاف حسابي دون تنبيه، لماذا؟', 'قد يتم إيقاف الحسابات في فيكسيت دون تنبيه مسبق وهنالك عدة أسباب لذلك، منها مخالفة شروط فيكسيت أكثر من مرة، ويتوصل المستخدم برسالة في بريده تحتوي سبب الإيقاف، نرجو منك مراجعة شروط الاستخدام وفي حالة عدم وضوح سبب الإيقاف نرجو فتح تذكرة في مركز المساعدة .'),
(2, 'ماذا يعني إيقاف الحساب من مجتمع فيكسيت وماهو سببه؟', 'يعني عدم قدرة المستخدم على المشاركة في مجتمع فيكسيت لمدة يومين ، والسبب هو كتابة تعليق أو موضوع مخالف، وأسباب المخالفات في صفحة الشروط.'),
(3, 'هل يمكنني تغيير اسم المستخدم في حسابي في فيكسيت؟', 'نعم يمكنك تغيره'),
(4, 'هل يمكنني تغيير البريد الالكترونيفي حسابي في فيكسيت؟', 'لا يمكنك تغير البريد الالكتروني');

-- --------------------------------------------------------

--
-- Table structure for table `groups`
--

CREATE TABLE `groups` (
  `id` int(10) UNSIGNED NOT NULL,
  `role` varchar(50) COLLATE utf8mb4_unicode_ci NOT NULL
) ENGINE=InnoDB DEFAULT CHARSET=utf8mb4 COLLATE=utf8mb4_unicode_ci;

--
-- Dumping data for table `groups`
--

INSERT INTO `groups` (`id`, `role`) VALUES
(1, 'user'),
(2, 'company'),
(3, 'admin');

-- --------------------------------------------------------

--
-- Table structure for table `likes`
--

CREATE TABLE `likes` (
  `id` int(10) UNSIGNED NOT NULL,
  `created_at` timestamp NULL DEFAULT NULL,
  `updated_at` timestamp NULL DEFAULT NULL,
  `user_id` int(10) UNSIGNED NOT NULL,
  `comment_id` int(10) UNSIGNED NOT NULL
) ENGINE=InnoDB DEFAULT CHARSET=utf8mb4 COLLATE=utf8mb4_unicode_ci;

--
-- Dumping data for table `likes`
--

INSERT INTO `likes` (`id`, `created_at`, `updated_at`, `user_id`, `comment_id`) VALUES
(1, '2017-04-25 13:37:43', '2017-04-25 13:37:43', 22, 39),
(4, '2017-04-26 01:58:38', '2017-04-26 01:58:38', 11, 54),
(5, '2017-04-26 08:35:28', '2017-04-26 08:35:28', 13, 47);

-- --------------------------------------------------------

--
-- Table structure for table `messages`
--

CREATE TABLE `messages` (
  `id` int(10) UNSIGNED NOT NULL,
  `msg` text COLLATE utf8mb4_unicode_ci NOT NULL,
  `readed_at` timestamp NULL DEFAULT NULL,
  `created` timestamp NOT NULL DEFAULT CURRENT_TIMESTAMP,
  `sender_id` int(10) UNSIGNED NOT NULL,
  `receiver_id` int(10) UNSIGNED NOT NULL
) ENGINE=InnoDB DEFAULT CHARSET=utf8mb4 COLLATE=utf8mb4_unicode_ci;

--
-- Dumping data for table `messages`
--

INSERT INTO `messages` (`id`, `msg`, `readed_at`, `created`, `sender_id`, `receiver_id`) VALUES
(1, 'السلام عليكم كيف يمكنك مساعدتي؟', NULL, '2017-04-25 12:09:14', 1, 13),
(2, 'السلام عليكم كيف يمكنك مساعدتي؟', '2017-04-25 12:36:43', '2017-04-25 12:09:14', 5, 14),
(3, 'السلام عليكم كيف يمكنك مساعدتي؟', NULL, '2017-04-25 12:09:14', 4, 19),
(4, 'السلام عليكم كيف يمكنك مساعدتي؟', '2017-05-04 05:51:24', '2017-04-25 12:09:14', 10, 12),
(5, 'السلام عليكم كيف يمكنك مساعدتي؟', '2017-04-25 12:36:43', '2017-04-25 12:09:14', 3, 14),
(6, 'السلام عليكم كيف يمكنك مساعدتي؟', NULL, '2017-04-25 12:09:15', 9, 16),
(7, 'السلام عليكم كيف يمكنك مساعدتي؟', '2017-05-04 05:51:24', '2017-04-25 12:09:15', 4, 12),
(8, 'مرحبا', NULL, '2017-04-25 12:09:15', 10, 19),
(9, 'مرحبا', NULL, '2017-04-25 12:09:15', 5, 13),
(10, 'مرحبا', NULL, '2017-04-25 12:09:15', 3, 17),
(11, 'مرحبا', NULL, '2017-04-25 12:09:15', 2, 17),
(12, 'مرحبا', NULL, '2017-04-25 12:09:15', 8, 18),
(13, 'مرحبا', NULL, '2017-04-25 12:09:15', 3, 18),
(14, 'مرحبا', NULL, '2017-04-25 12:09:15', 9, 19),
(15, 'Quia ut incidunt et. Fugit repellendus itaque facilis in.', '2017-05-04 05:51:24', '2017-04-25 12:09:15', 9, 12),
(16, 'Nihil ut quasi et architecto. Quam exercitationem neque odio maxime itaque similique. Ut ullam rerum quis non laboriosam esse.', '2017-04-26 05:53:49', '2017-04-25 12:09:15', 9, 20),
(17, 'Dolor perspiciatis in vel non fugiat veniam. In sunt tempore sit voluptas esse dolorem. Enim mollitia voluptatibus fugit excepturi. Quo similique nesciunt illum est eligendi.', NULL, '2017-04-25 12:09:15', 4, 13),
(18, 'Aut quo magnam libero sit quo quasi. Ducimus illum incidunt facere commodi eaque blanditiis. Rem similique optio laudantium exercitationem repellat. Exercitationem quidem quia quos ut autem error. A earum et aliquam quidem.', NULL, '2017-04-25 12:09:15', 4, 18),
(19, 'Optio natus id laborum soluta labore. Est excepturi beatae qui reprehenderit nemo deserunt. Enim ducimus commodi omnis numquam iste consequatur. Officia illo accusamus dolorem sed molestiae velit.', NULL, '2017-04-25 12:09:15', 2, 13),
(20, 'Eius omnis esse quo quidem. Architecto nesciunt eveniet suscipit fugit. Eligendi dolorum aut repellendus quia. Voluptate unde nihil quia.', '2017-04-25 12:36:43', '2017-04-25 12:09:15', 10, 14),
(21, 'Autem repellat consequatur temporibus porro aut asperiores repudiandae reprehenderit. Odio cupiditate nostrum impedit accusamus nulla qui. Exercitationem qui non sit eos sunt delectus. Aperiam maxime omnis ut qui et corrupti.', NULL, '2017-04-25 12:09:15', 7, 18),
(22, 'Expedita sint molestiae velit optio. Facilis consequatur sit qui hic. Odit magnam placeat rerum dignissimos quo. Sint id quos rem id dolores et beatae aut.', '2017-04-26 05:53:49', '2017-04-25 12:09:15', 10, 20),
(23, 'Voluptas et voluptatem aut voluptas sint architecto. Sint assumenda corporis pariatur quidem modi et. Eos quis est magnam quas. In numquam porro autem dolorem.', NULL, '2017-04-25 12:09:16', 10, 19),
(24, 'مرحبا', '2017-04-25 12:36:43', '2017-04-25 12:09:16', 9, 14),
(25, 'Mollitia magnam voluptas beatae dolor quaerat. Neque rerum dolores asperiores. Velit aut quo placeat sit sed beatae maxime. Dolor dolores atque nisi omnis.', '2017-05-04 05:51:24', '2017-04-25 12:09:16', 1, 12),
(26, 'مرحبا', NULL, '2017-04-25 12:09:16', 10, 13),
(27, 'مرحبا', NULL, '2017-04-25 12:09:16', 8, 18),
(28, 'مرحبا', '2017-04-26 02:02:07', '2017-04-25 12:09:16', 10, 11),
(29, 'Qui consequatur quia officia voluptas. Minima molestiae neque ut. Officiis nobis occaecati ex aspernatur est velit aut. Sit perferendis sit enim hic necessitatibus est ratione.', NULL, '2017-04-25 12:09:16', 5, 19),
(30, 'مرحبا', '2017-04-25 12:36:44', '2017-04-25 12:09:16', 9, 14),
(31, 'مرحبا', NULL, '2017-04-25 12:09:16', 10, 18),
(32, 'مرحبا', '2017-04-25 12:36:44', '2017-04-25 12:09:16', 4, 14),
(33, 'Dolores a dolorem tenetur blanditiis inventore. Praesentium fuga et aut qui dicta. Deserunt porro quis nisi ut.', NULL, '2017-04-25 12:09:17', 10, 17),
(34, 'مرحبا', '2017-05-04 05:51:24', '2017-04-25 12:09:17', 2, 12),
(35, 'Aperiam quo minus cupiditate. Et exercitationem accusantium ratione voluptatum aliquam qui. Saepe vero repellendus voluptatem eveniet consequuntur nobis itaque.', '2017-04-26 02:02:07', '2017-04-25 12:09:17', 10, 11),
(36, 'Voluptas corrupti aut et occaecati qui laboriosam voluptates et. Aliquam non sed esse et tempora. Cumque ut ut sunt hic. Facere aspernatur aut architecto.', NULL, '2017-04-25 12:09:17', 6, 17),
(37, 'Quisquam eligendi illum ut sint illo dignissimos sunt. Odit saepe possimus voluptatem et quibusdam quaerat. Qui omnis est sint sed ratione qui est. Eveniet omnis sit recusandae quaerat nam.', NULL, '2017-04-25 12:09:17', 8, 15),
(38, 'Dolor aut asperiores quis ad. Numquam quo vel eius necessitatibus et voluptatum eius nemo. Quia molestiae itaque explicabo debitis ipsum consectetur laudantium.', NULL, '2017-04-25 12:09:17', 7, 18),
(39, 'Sunt aperiam sunt consectetur repellendus voluptatem nobis. Et quibusdam sint harum ipsam natus porro. Reiciendis temporibus deleniti reprehenderit corrupti minima minus magnam aliquid. Eligendi quia doloribus quod nam nisi.', NULL, '2017-04-25 12:09:17', 4, 15),
(40, 'Distinctio totam sed architecto excepturi aut officia ut. Voluptas nam qui at voluptatibus iusto perferendis. Doloremque quisquam aut quae enim error.', NULL, '2017-04-25 12:09:17', 1, 15),
(41, 'مرحبا', '2017-04-26 02:02:07', '2017-04-25 12:09:17', 7, 11),
(42, 'مرحبا', NULL, '2017-04-25 12:09:17', 7, 15),
(43, 'مرحبا', NULL, '2017-04-25 12:09:17', 8, 17),
(44, 'Et illum cumque soluta accusantium. Laudantium facere aut nemo quia et eos. Quia doloremque sint ut.', NULL, '2017-04-25 12:09:17', 5, 13),
(45, 'مرحبا', '2017-04-25 12:36:44', '2017-04-25 12:09:17', 5, 14),
(46, 'مرحبا', NULL, '2017-04-25 12:09:17', 6, 15),
(47, 'مرحبا', NULL, '2017-04-25 12:09:17', 2, 19),
(48, 'مرحبا', '2017-05-04 05:51:24', '2017-04-25 12:09:17', 8, 12),
(49, 'مرحبا', NULL, '2017-04-25 12:09:18', 6, 19),
(50, 'مرحبا', NULL, '2017-04-25 12:09:18', 3, 15),
(51, 'مرحبا', NULL, '2017-04-25 12:09:18', 10, 18),
(52, 'مرحبا', NULL, '2017-04-25 12:09:18', 1, 18),
(53, 'مرحبا', NULL, '2017-04-25 12:09:18', 2, 17),
(54, 'مرحبا', NULL, '2017-04-25 12:09:18', 5, 15),
(55, 'مرحبا', NULL, '2017-04-25 12:09:18', 2, 15),
(56, 'مرحبا', NULL, '2017-04-25 12:09:18', 10, 18),
(57, 'مرحبا', NULL, '2017-04-25 12:09:18', 5, 16),
(58, 'مرحبا', NULL, '2017-04-25 12:09:18', 3, 13),
(59, 'مرحبا', NULL, '2017-04-25 12:09:18', 3, 18),
(60, 'مرحبا', NULL, '2017-04-25 12:09:18', 5, 17),
(61, 'السﻻم عليكم', '2017-04-25 12:39:59', '2017-04-25 14:39:54', 22, 1),
(62, 'و عليكم السﻻم', '2017-04-25 12:41:17', '2017-04-25 14:40:25', 1, 22),
(63, 'السﻻم عليكم', '2017-04-25 15:54:59', '2017-04-25 17:53:36', 22, 3),
(64, 'مرحبا', '2017-04-25 15:55:28', '2017-04-25 17:55:19', 22, 3),
(65, 'hello', '2017-04-25 16:03:31', '2017-04-25 18:03:26', 22, 3),
(66, 'مرحبا', '2017-04-25 16:04:45', '2017-04-25 18:04:41', 22, 3),
(67, 'مرحبا', '2017-04-25 16:09:01', '2017-04-25 18:08:03', 22, 3),
(68, 'مرحباh', '2017-04-25 16:09:18', '2017-04-25 18:09:14', 22, 3),
(69, 'مرحبا', '2017-04-25 16:10:08', '2017-04-25 18:10:04', 22, 3),
(70, 'بسم الله', '2017-04-25 16:14:29', '2017-04-25 18:14:15', 22, 3),
(71, 'اهلا بك', '2017-04-26 02:08:10', '2017-04-26 04:02:28', 11, 7),
(72, 'اهلا بك', '2017-04-26 02:08:10', '2017-04-26 04:02:31', 11, 7),
(73, 'hello', '2017-04-26 02:08:10', '2017-04-26 04:03:47', 11, 7),
(74, ';dt dl;k; lshu]jd', '2017-04-26 02:08:10', '2017-04-26 04:04:05', 11, 7),
(75, 'اقدر اساعدك ازاي؟', '2017-04-26 02:11:01', '2017-04-26 04:10:50', 7, 11),
(76, 'ihhhhh', '2017-04-26 02:25:57', '2017-04-26 04:24:25', 7, 11),
(77, '?????????????????', '2017-04-26 02:26:21', '2017-04-26 04:26:13', 7, 11),
(78, 'hfdhfdfhuu', '2017-04-26 06:01:36', '2017-04-26 07:54:01', 20, 10),
(79, 'hfdhfdfhuu', '2017-04-26 06:01:36', '2017-04-26 07:54:03', 20, 10),
(80, 'hfdhfdfhuu', '2017-04-26 06:01:36', '2017-04-26 07:55:21', 20, 10),
(81, 'fg', '2017-04-26 06:01:36', '2017-04-26 07:55:32', 20, 10),
(82, 'zxczxcxz', '2017-04-26 06:01:36', '2017-04-26 07:55:44', 20, 10),
(83, 'sasad', '2017-04-26 06:01:36', '2017-04-26 08:00:03', 20, 10),
(84, 'xxxxxxx', NULL, '2017-04-26 08:01:51', 10, 20),
(85, 'السﻻم عليكم', '2017-04-26 08:10:34', '2017-04-26 10:09:33', 1, 7),
(86, 'و عليكم السﻻم', '2017-04-26 08:12:03', '2017-04-26 10:11:24', 7, 1),
(87, 'عامل ايه', '2017-04-26 08:11:45', '2017-04-26 10:11:37', 1, 7),
(88, 'حمادى', '2017-04-26 08:21:12', '2017-04-26 10:20:41', 7, 1),
(89, 'plh', '2017-04-26 08:26:12', '2017-04-26 10:25:51', 1, 7),
(90, 'و حبيبنا', '2017-04-26 08:26:54', '2017-04-26 10:26:41', 7, 1),
(91, 'plh', '2017-04-26 08:28:27', '2017-04-26 10:28:21', 7, 1),
(92, 'plh', '2017-04-26 08:29:11', '2017-04-26 10:29:07', 7, 1),
(93, 'plh', '2017-04-26 08:33:27', '2017-04-26 10:33:22', 1, 7),
(94, 'psdf', '2017-04-26 08:33:45', '2017-04-26 10:33:39', 7, 1),
(95, 'السﻻم عليكم', '2017-04-26 10:17:04', '2017-04-26 12:16:58', 17, 24),
(96, 'السﻻم عليكم', '2017-05-04 05:52:02', '2017-05-04 07:51:55', 12, 1),
(97, 'و عليكم السﻻم', '2017-05-04 05:54:35', '2017-05-04 07:54:28', 1, 12),
(98, 'ايه اﻻخبار', '2017-05-04 05:54:52', '2017-05-04 07:54:45', 12, 1);

-- --------------------------------------------------------

--
-- Table structure for table `migrations`
--

CREATE TABLE `migrations` (
  `id` int(10) UNSIGNED NOT NULL,
  `migration` varchar(191) COLLATE utf8mb4_unicode_ci NOT NULL,
  `batch` int(11) NOT NULL
) ENGINE=InnoDB DEFAULT CHARSET=utf8mb4 COLLATE=utf8mb4_unicode_ci;

--
-- Dumping data for table `migrations`
--

INSERT INTO `migrations` (`id`, `migration`, `batch`) VALUES
(91, '2014_10_12_000000_create_users_table', 1),
(92, '2014_10_12_100000_create_password_resets_table', 1),
(93, '2017_04_08_070648_create_groups_table', 1),
(94, '2017_04_08_071243_create_messages_table', 1),
(95, '2017_04_08_073248_create_ratings_table', 1),
(96, '2017_04_08_074011_create_questions_table', 1),
(97, '2017_04_08_075311_create_cats_table', 1),
(98, '2017_04_08_075857_create_comments_table', 1),
(99, '2017_04_08_080214_create_companyDetails_table', 1),
(100, '2017_04_08_081630_create_settings_table', 1),
(101, '2017_04_08_081804_create_pages_table', 1),
(102, '2017_04_08_081950_create_faqs_table', 1),
(103, '2017_04_08_105038_add_foreign_keys_to_messages', 1),
(104, '2017_04_08_105109_add_foreign_keys_to_ratings', 1),
(105, '2017_04_08_105458_add_foreign_keys_to_users', 1),
(106, '2017_04_08_105631_add_foreign_keys_to_questions', 1),
(107, '2017_04_08_105812_add_foreign_keys_to_comments', 1),
(108, '2017_04_08_105936_add_foreign_keys_to_company_details', 1),
(109, '2017_04_17_103042_create_notifications_table', 1),
(110, '2017_04_22_090226_create_chats_table', 1),
(111, '2017_04_22_090255_altr_forgien_key_chats_table', 1),
(112, '2017_04_23_142707_create_likes_table', 1),
(113, '2017_04_23_142822_alter_likes_table', 1),
(114, '2017_04_25_085958_alter_company_details_table', 1);

-- --------------------------------------------------------

--
-- Table structure for table `notifications`
--

CREATE TABLE `notifications` (
  `id` char(36) COLLATE utf8mb4_unicode_ci NOT NULL,
  `type` varchar(191) COLLATE utf8mb4_unicode_ci NOT NULL,
  `notifiable_id` int(10) UNSIGNED NOT NULL,
  `notifiable_type` varchar(191) COLLATE utf8mb4_unicode_ci NOT NULL,
  `data` text COLLATE utf8mb4_unicode_ci NOT NULL,
  `read_at` timestamp NULL DEFAULT NULL,
  `created_at` timestamp NULL DEFAULT NULL,
  `updated_at` timestamp NULL DEFAULT NULL
) ENGINE=InnoDB DEFAULT CHARSET=utf8mb4 COLLATE=utf8mb4_unicode_ci;

--
-- Dumping data for table `notifications`
--

INSERT INTO `notifications` (`id`, `type`, `notifiable_id`, `notifiable_type`, `data`, `read_at`, `created_at`, `updated_at`) VALUES
('03b8f9a4-dd6f-4e11-b7eb-3a8eb7067fb3', 'App\\Notifications\\contact', 24, 'App\\User', '{\"data\":\"\\u0639\\u0631\\u0636 \\u062c\\u062f\\u064a\\u062f \\u0644\\u0634\\u0631\\u0643\\u062a\\u0643 \\u0639\\u0644\\u0649  : <b>\\u0643\\u064a\\u0641 \\u062a\\u0635\\u0644\\u062d \\u0627\\u0644\\u0634\\u0627\\u0634\\u0629<\\/b> \\u0645\\u0646 \\u0627\\u0644\\u0645\\u0633\\u062a\\u062e\\u062f\\u0645: <b>\\u0645\\u062d\\u0645\\u062f \\u0627\\u0644\\u0633\\u0639\\u064a\\u062f<\\/b>\",\"question_id\":41}', '2017-04-26 10:14:45', '2017-04-26 10:14:33', '2017-04-26 10:14:45'),
('6cefad21-dda2-4410-8d77-466c047e1ffe', 'App\\Notifications\\contact', 8, 'App\\User', '{\"data\":\"\\u0639\\u0631\\u0636 \\u062c\\u062f\\u064a\\u062f \\u0644\\u0634\\u0631\\u0643\\u062a\\u0643 \\u0639\\u0644\\u0649  : <b>\\u0633\\u062e\\u0648\\u0646\\u064a\\u0629 \\u0644\\u0627\\u0628\\u062a\\u0648\\u0628\\u064a \\u0627\\u0631\\u062c\\u0648 \\u0627\\u0644\\u0645\\u0633\\u0627\\u0639\\u062f\\u0629<\\/b> \\u0645\\u0646 \\u0627\\u0644\\u0645\\u0633\\u062a\\u062e\\u062f\\u0645: <b>\\u0645\\u062d\\u0645\\u0648\\u062f \\u0637\\u0647<\\/b>\",\"question_id\":32}', NULL, '2017-04-26 01:58:49', '2017-04-26 01:58:49');

-- --------------------------------------------------------

--
-- Table structure for table `pages`
--

CREATE TABLE `pages` (
  `id` int(10) UNSIGNED NOT NULL,
  `title` varchar(50) COLLATE utf8mb4_unicode_ci NOT NULL,
  `content` text COLLATE utf8mb4_unicode_ci NOT NULL
) ENGINE=InnoDB DEFAULT CHARSET=utf8mb4 COLLATE=utf8mb4_unicode_ci;

--
-- Dumping data for table `pages`
--

INSERT INTO `pages` (`id`, `title`, `content`) VALUES
(1, 'من نحن', 'فيكسيت  هو المجتمع  العربي الأول لحل مشاكل اجهزة الكمبيوتر و اللاب توب للمستخدمين ، يجمع خمسات بين الشباب العربي المستعد لتقديم خدمات الصيانة ، و بين فئة المستخدمين المستعدين لعرض مشاكلهم ، وبذلك يوفر دخلا مناسبا للشباب العربي وخدمات مميزة وبسعر اقتصادي للأفراد والشركات الناشئةو الاهم توفير وقت المستخدمين'),
(2, 'كيف يعمل موقع خمسات', 'كيف يعمل موقع خمسات\r\nيمكنك من خلال فيكسيت ان تعرض اسألتك و تتلقى اجابات من اصحاب الشركات\r\nاقرأ شروط استخدام الموقع و الخصوصية بشكل جيد حتى لا تقع في أي مشكلة أثناء استخدامك للموقع.\r\nفي حال كان لديك سؤال ستجد إجابته في الأسئلة الشائعة غالبا.\r\n\r\nنصائح للمستخدم الجديد:\r\n	سجل مستخدما اسمك الحقيقي، هذا يؤدي لمزيد من الثقة بك من قبل المشترين.\r\n	حاول تقديم خدمات مبتكرة وجديدة غير مكررة.\r\n	أكتب خدمتك باللغة العربية الفصحى، تجنب العامية والأخطاء الإملائية.\r\n	أخلص وأتقن عملك وحاول مساعدة طالب الخدمة قدر استطاعتك.\r\n	قم بوضع عدد الأيام التي تناسبك لتسليم الخدمة، لا تستعجل بوضع يوم ولا تضع أكثر من حاجة الخدمة، وتابع حسابك دائما فإن تأخرت فوق مدة التسليم لن ينتظر المشتري وسيلغي الطلب.\r\n	لا تقم بتسليم الخدمة قبل تنفيذها بشكل كامل فهذا سيؤدي لإيقاف حسابك مباشرة.\r\n	أكتب بالتفصيل ما الذي ستقوم به في خدمتك وأجب في الوصف على جميع الأسئلة المتوقعة، فلن يقوم أحد بشراء خدمة مبهمة، ولا تنس ذكر المقدار الذي ستقوم بعمله مقابل ثمن معين، مثلا” تصميم شعارين، ترجمة 5 صفحات...\r\n	انتبه إلى أن تعليمات المشتري لن تظهر إلا بعد طلب الخدمة ودفع المبلغ، ولن تظهر عند استعراض الخدمة في الموقع.\r\n	لا تنسخ خدمات الآخرين فسيتم حذف الخدمة المنسوخة تماما.\r\n	إذا أعجبتك خدمة موجودة في الموقع وأمكنك تقديم شبيه لها، قم بصياغتها بنفسك، وحاول المنافسة مع الإتقان.\r\n\r\n\r\nعند ظهور أي مشكلة، نرجوا منك قراءة الأسئلة الشائعة وصفحة الضمان و قاعدة المعرفة فستجد فيها ما تريد غالبا \r\nإن لم تجد الحل نرحب بسؤالك عن طريق فتح تذكرة جديدة.\r\nنتمنى أن تستفيدوا وتفيدوا في موقعكم خمسات.\r\n\r\nاصحاب الشركات:\r\n	تصفح موقع فيكسيت، أو استخدم زر البحث لتجد الاسئلة المعروضة.\r\n	اضغط على السؤال الذي تريده لتقرأ الشرح وبعدها يمكنك الرد على السؤال.\r\nالمستخدمين العاديين:\r\n	يمكنك عرض سؤالك و تلقي الاجابات من اصحاب الشركات و المستخدمين ايضاً \r\n	من خلال ذلك يمكنك التواصل مع الشركة المناسبة');

-- --------------------------------------------------------

--
-- Table structure for table `password_resets`
--

CREATE TABLE `password_resets` (
  `email` varchar(100) COLLATE utf8mb4_unicode_ci NOT NULL,
  `token` varchar(191) COLLATE utf8mb4_unicode_ci NOT NULL,
  `created_at` timestamp NULL DEFAULT NULL
) ENGINE=InnoDB DEFAULT CHARSET=utf8mb4 COLLATE=utf8mb4_unicode_ci;

--
-- Dumping data for table `password_resets`
--

INSERT INTO `password_resets` (`email`, `token`, `created_at`) VALUES
('muhamed.kamel.elsayed@gmail.com', '$2y$10$sGZ0.acxmpshEqebyb/YmOJ254Nvsmy2O3BHM3cE2wD/VmGRCbjIO', '2017-04-26 08:03:18');

-- --------------------------------------------------------

--
-- Table structure for table `questions`
--

CREATE TABLE `questions` (
  `id` int(10) UNSIGNED NOT NULL,
  `title` varchar(300) COLLATE utf8mb4_unicode_ci NOT NULL,
  `desc` text COLLATE utf8mb4_unicode_ci NOT NULL,
  `img` varchar(191) COLLATE utf8mb4_unicode_ci DEFAULT NULL,
  `visited` int(10) UNSIGNED NOT NULL DEFAULT '0',
  `created` timestamp NOT NULL DEFAULT CURRENT_TIMESTAMP,
  `status` enum('open','closed') COLLATE utf8mb4_unicode_ci NOT NULL DEFAULT 'open',
  `cat_id` int(10) UNSIGNED NOT NULL,
  `user_id` int(10) UNSIGNED NOT NULL,
  `deleted_at` timestamp NULL DEFAULT NULL
) ENGINE=InnoDB DEFAULT CHARSET=utf8mb4 COLLATE=utf8mb4_unicode_ci;

--
-- Dumping data for table `questions`
--

INSERT INTO `questions` (`id`, `title`, `desc`, `img`, `visited`, `created`, `status`, `cat_id`, `user_id`, `deleted_at`) VALUES
(1, 'اعطال المازربورد', 'الجهاز لا يشعر بالشاحن و بالتالي لمبة الشحن الخاصة بالبطارية لا تعمل او لمبة الباور كما في بعض الاجهزة و لكشف هذا العطل نتبع التالي :-\r\n1- اولا نتأكد من ان وصلة الباور المغذية ((كابل الباور)) للشاحن من الكهرباء سليمة وتعمل .\r\n2- نتأكد من ان الشاحن يعمل عن طريق قياس الفولت الخارج منه و هو ان نظبط وضع الافوميتر في وضع قياس تيار ثابت اعلى من 20 فولت .\r\nو في حالة اكتشاف ان العطل في كابل الشاحن يتم تغيير الشاحن او كابل الشاحن و هنا ننصح الاخوة المبتدئين ان يستعينوا بشاحن متعدد .', 'images/questions/o19hh7l8WWHR81WSVRDz7mWQsMBSkgWY8qhFvIvl.jpeg', 8630, '2017-04-25 12:09:06', 'open', 1, 13, NULL),
(2, 'مشكلة في المازربورد', 'الجهاز لا يشعر بالشاحن و بالتالي لمبة الشحن الخاصة بالبطارية لا تعمل او لمبة الباور كما في بعض الاجهزة و لكشف هذا العطل نتبع التالي :-\r\n1- اولا نتأكد من ان وصلة الباور المغذية ((كابل الباور)) للشاحن من الكهرباء سليمة وتعمل .\r\n2- نتأكد من ان الشاحن يعمل عن طريق قياس الفولت الخارج منه و هو ان نظبط وضع الافوميتر في وضع قياس تيار ثابت اعلى من 20 فولت .\r\nو في حالة اكتشاف ان العطل في كابل الشاحن يتم تغيير الشاحن او كابل الشاحن و هنا ننصح الاخوة المبتدئين ان يستعينوا بشاحن متعدد .', 'images/questions/o19hh7l8WWHR81WSVRDz7mWQsMBSkgWY8qhFvIvl.jpeg', 8136, '2017-04-25 12:09:06', 'open', 1, 20, NULL),
(3, 'Kurt Robel DVM', 'الجهاز لا يشعر بالشاحن و بالتالي لمبة الشحن الخاصة بالبطارية لا تعمل او لمبة الباور كما في بعض الاجهزة و لكشف هذا العطل نتبع التالي :-\r\n1- اولا نتأكد من ان وصلة الباور المغذية ((كابل الباور)) للشاحن من الكهرباء سليمة وتعمل .\r\n2- نتأكد من ان الشاحن يعمل عن طريق قياس الفولت الخارج منه و هو ان نظبط وضع الافوميتر في وضع قياس تيار ثابت اعلى من 20 فولت .\r\nو في حالة اكتشاف ان العطل في كابل الشاحن يتم تغيير الشاحن او كابل الشاحن و هنا ننصح الاخوة المبتدئين ان يستعينوا بشاحن متعدد .', 'images/questions/o19hh7l8WWHR81WSVRDz7mWQsMBSkgWY8qhFvIvl.jpeg', 2300, '2017-04-25 12:09:06', 'open', 2, 17, NULL),
(4, 'الويندوز لا يعمل اطلاقا ما الحل؟', 'الجهاز لا يشعر بالشاحن و بالتالي لمبة الشحن الخاصة بالبطارية لا تعمل او لمبة الباور كما في بعض الاجهزة و لكشف هذا العطل نتبع التالي :-\r\n1- اولا نتأكد من ان وصلة الباور المغذية ((كابل الباور)) للشاحن من الكهرباء سليمة وتعمل .\r\n2- نتأكد من ان الشاحن يعمل عن طريق قياس الفولت الخارج منه و هو ان نظبط وضع الافوميتر في وضع قياس تيار ثابت اعلى من 20 فولت .\r\nو في حالة اكتشاف ان العطل في كابل الشاحن يتم تغيير الشاحن او كابل الشاحن و هنا ننصح الاخوة المبتدئين ان يستعينوا بشاحن متعدد .', 'images/questions/o19hh7l8WWHR81WSVRDz7mWQsMBSkgWY8qhFvIvl.jpeg', 9464, '2017-04-25 12:09:06', 'open', 2, 12, NULL),
(5, 'مشكلة في المازربورد', 'الجهاز لا يشعر بالشاحن و بالتالي لمبة الشحن الخاصة بالبطارية لا تعمل او لمبة الباور كما في بعض الاجهزة و لكشف هذا العطل نتبع التالي :-\r\n1- اولا نتأكد من ان وصلة الباور المغذية ((كابل الباور)) للشاحن من الكهرباء سليمة وتعمل .\r\n2- نتأكد من ان الشاحن يعمل عن طريق قياس الفولت الخارج منه و هو ان نظبط وضع الافوميتر في وضع قياس تيار ثابت اعلى من 20 فولت .\r\nو في حالة اكتشاف ان العطل في كابل الشاحن يتم تغيير الشاحن او كابل الشاحن و هنا ننصح الاخوة المبتدئين ان يستعينوا بشاحن متعدد .', 'images/questions/o19hh7l8WWHR81WSVRDz7mWQsMBSkgWY8qhFvIvl.jpeg', 999, '2017-04-25 12:09:06', 'open', 2, 17, NULL),
(6, 'مشكلة في المازربورد', 'الجهاز لا يشعر بالشاحن و بالتالي لمبة الشحن الخاصة بالبطارية لا تعمل او لمبة الباور كما في بعض الاجهزة و لكشف هذا العطل نتبع التالي :-\r\n1- اولا نتأكد من ان وصلة الباور المغذية ((كابل الباور)) للشاحن من الكهرباء سليمة وتعمل .\r\n2- نتأكد من ان الشاحن يعمل عن طريق قياس الفولت الخارج منه و هو ان نظبط وضع الافوميتر في وضع قياس تيار ثابت اعلى من 20 فولت .\r\nو في حالة اكتشاف ان العطل في كابل الشاحن يتم تغيير الشاحن او كابل الشاحن و هنا ننصح الاخوة المبتدئين ان يستعينوا بشاحن متعدد .', 'images/questions/o19hh7l8WWHR81WSVRDz7mWQsMBSkgWY8qhFvIvl.jpeg', 788, '2017-04-25 12:09:06', 'open', 1, 18, NULL),
(7, 'الويندوز لا يعمل اطلاقا ما الحل؟', 'الجهاز لا يشعر بالشاحن و بالتالي لمبة الشحن الخاصة بالبطارية لا تعمل او لمبة الباور كما في بعض الاجهزة و لكشف هذا العطل نتبع التالي :-\r\n1- اولا نتأكد من ان وصلة الباور المغذية ((كابل الباور)) للشاحن من الكهرباء سليمة وتعمل .\r\n2- نتأكد من ان الشاحن يعمل عن طريق قياس الفولت الخارج منه و هو ان نظبط وضع الافوميتر في وضع قياس تيار ثابت اعلى من 20 فولت .\r\nو في حالة اكتشاف ان العطل في كابل الشاحن يتم تغيير الشاحن او كابل الشاحن و هنا ننصح الاخوة المبتدئين ان يستعينوا بشاحن متعدد .', 'images/questions/o19hh7l8WWHR81WSVRDz7mWQsMBSkgWY8qhFvIvl.jpeg', 147, '2017-04-25 12:09:07', 'open', 2, 16, NULL),
(8, 'مشكلة في المازربورد', 'الجهاز لا يشعر بالشاحن و بالتالي لمبة الشحن الخاصة بالبطارية لا تعمل او لمبة الباور كما في بعض الاجهزة و لكشف هذا العطل نتبع التالي :-\r\n1- اولا نتأكد من ان وصلة الباور المغذية ((كابل الباور)) للشاحن من الكهرباء سليمة وتعمل .\r\n2- نتأكد من ان الشاحن يعمل عن طريق قياس الفولت الخارج منه و هو ان نظبط وضع الافوميتر في وضع قياس تيار ثابت اعلى من 20 فولت .\r\nو في حالة اكتشاف ان العطل في كابل الشاحن يتم تغيير الشاحن او كابل الشاحن و هنا ننصح الاخوة المبتدئين ان يستعينوا بشاحن متعدد .', 'images/questions/o19hh7l8WWHR81WSVRDz7mWQsMBSkgWY8qhFvIvl.jpeg', 855, '2017-04-25 12:09:07', 'open', 2, 15, NULL),
(9, 'اعطال المازربورد', 'الجهاز لا يشعر بالشاحن و بالتالي لمبة الشحن الخاصة بالبطارية لا تعمل او لمبة الباور كما في بعض الاجهزة و لكشف هذا العطل نتبع التالي :-\r\n1- اولا نتأكد من ان وصلة الباور المغذية ((كابل الباور)) للشاحن من الكهرباء سليمة وتعمل .\r\n2- نتأكد من ان الشاحن يعمل عن طريق قياس الفولت الخارج منه و هو ان نظبط وضع الافوميتر في وضع قياس تيار ثابت اعلى من 20 فولت .\r\nو في حالة اكتشاف ان العطل في كابل الشاحن يتم تغيير الشاحن او كابل الشاحن و هنا ننصح الاخوة المبتدئين ان يستعينوا بشاحن متعدد .', 'images/questions/o19hh7l8WWHR81WSVRDz7mWQsMBSkgWY8qhFvIvl.jpeg', 757, '2017-04-25 12:09:07', 'open', 2, 15, NULL),
(10, 'كم مبلغ تصليح شاشة جديدة', 'الجهاز لا يشعر بالشاحن و بالتالي لمبة الشحن الخاصة بالبطارية لا تعمل او لمبة الباور كما في بعض الاجهزة و لكشف هذا العطل نتبع التالي :-\r\n1- اولا نتأكد من ان وصلة الباور المغذية ((كابل الباور)) للشاحن من الكهرباء سليمة وتعمل .\r\n2- نتأكد من ان الشاحن يعمل عن طريق قياس الفولت الخارج منه و هو ان نظبط وضع الافوميتر في وضع قياس تيار ثابت اعلى من 20 فولت .\r\nو في حالة اكتشاف ان العطل في كابل الشاحن يتم تغيير الشاحن او كابل الشاحن و هنا ننصح الاخوة المبتدئين ان يستعينوا بشاحن متعدد .', 'images/questions/o19hh7l8WWHR81WSVRDz7mWQsMBSkgWY8qhFvIvl.jpeg', 57, '2017-04-25 12:09:07', 'open', 1, 15, NULL),
(11, 'مشكلة في المازربورد', 'الجهاز لا يشعر بالشاحن و بالتالي لمبة الشحن الخاصة بالبطارية لا تعمل او لمبة الباور كما في بعض الاجهزة و لكشف هذا العطل نتبع التالي :-\r\n1- اولا نتأكد من ان وصلة الباور المغذية ((كابل الباور)) للشاحن من الكهرباء سليمة وتعمل .\r\n2- نتأكد من ان الشاحن يعمل عن طريق قياس الفولت الخارج منه و هو ان نظبط وضع الافوميتر في وضع قياس تيار ثابت اعلى من 20 فولت .\r\nو في حالة اكتشاف ان العطل في كابل الشاحن يتم تغيير الشاحن او كابل الشاحن و هنا ننصح الاخوة المبتدئين ان يستعينوا بشاحن متعدد .', 'images/questions/o19hh7l8WWHR81WSVRDz7mWQsMBSkgWY8qhFvIvl.jpeg', 855, '2017-04-25 12:09:07', 'open', 1, 17, NULL),
(12, 'اعطال المازربورد', 'الجهاز لا يشعر بالشاحن و بالتالي لمبة الشحن الخاصة بالبطارية لا تعمل او لمبة الباور كما في بعض الاجهزة و لكشف هذا العطل نتبع التالي :-\r\n1- اولا نتأكد من ان وصلة الباور المغذية ((كابل الباور)) للشاحن من الكهرباء سليمة وتعمل .\r\n2- نتأكد من ان الشاحن يعمل عن طريق قياس الفولت الخارج منه و هو ان نظبط وضع الافوميتر في وضع قياس تيار ثابت اعلى من 20 فولت .\r\nو في حالة اكتشاف ان العطل في كابل الشاحن يتم تغيير الشاحن او كابل الشاحن و هنا ننصح الاخوة المبتدئين ان يستعينوا بشاحن متعدد .', 'images/questions/o19hh7l8WWHR81WSVRDz7mWQsMBSkgWY8qhFvIvl.jpeg', 552, '2017-04-25 12:09:07', 'open', 2, 18, NULL),
(13, 'كم مبلغ تصليح شاشة جديدة', 'الجهاز لا يشعر بالشاحن و بالتالي لمبة الشحن الخاصة بالبطارية لا تعمل او لمبة الباور كما في بعض الاجهزة و لكشف هذا العطل نتبع التالي :-\r\n1- اولا نتأكد من ان وصلة الباور المغذية ((كابل الباور)) للشاحن من الكهرباء سليمة وتعمل .\r\n2- نتأكد من ان الشاحن يعمل عن طريق قياس الفولت الخارج منه و هو ان نظبط وضع الافوميتر في وضع قياس تيار ثابت اعلى من 20 فولت .\r\nو في حالة اكتشاف ان العطل في كابل الشاحن يتم تغيير الشاحن او كابل الشاحن و هنا ننصح الاخوة المبتدئين ان يستعينوا بشاحن متعدد .', 'images/questions/o19hh7l8WWHR81WSVRDz7mWQsMBSkgWY8qhFvIvl.jpeg', 633, '2017-04-25 12:09:07', 'open', 1, 12, NULL),
(14, 'مشكلة في المازربورد', 'الجهاز لا يشعر بالشاحن و بالتالي لمبة الشحن الخاصة بالبطارية لا تعمل او لمبة الباور كما في بعض الاجهزة و لكشف هذا العطل نتبع التالي :-\r\n1- اولا نتأكد من ان وصلة الباور المغذية ((كابل الباور)) للشاحن من الكهرباء سليمة وتعمل .\r\n2- نتأكد من ان الشاحن يعمل عن طريق قياس الفولت الخارج منه و هو ان نظبط وضع الافوميتر في وضع قياس تيار ثابت اعلى من 20 فولت .\r\nو في حالة اكتشاف ان العطل في كابل الشاحن يتم تغيير الشاحن او كابل الشاحن و هنا ننصح الاخوة المبتدئين ان يستعينوا بشاحن متعدد .', 'images/questions/o19hh7l8WWHR81WSVRDz7mWQsMBSkgWY8qhFvIvl.jpeg', 999, '2017-04-25 12:09:07', 'open', 1, 11, NULL),
(15, 'تكلفة شاحن جديد كوبي رايت', 'الجهاز لا يشعر بالشاحن و بالتالي لمبة الشحن الخاصة بالبطارية لا تعمل او لمبة الباور كما في بعض الاجهزة و لكشف هذا العطل نتبع التالي :-\r\n1- اولا نتأكد من ان وصلة الباور المغذية ((كابل الباور)) للشاحن من الكهرباء سليمة وتعمل .\r\n2- نتأكد من ان الشاحن يعمل عن طريق قياس الفولت الخارج منه و هو ان نظبط وضع الافوميتر في وضع قياس تيار ثابت اعلى من 20 فولت .\r\nو في حالة اكتشاف ان العطل في كابل الشاحن يتم تغيير الشاحن او كابل الشاحن و هنا ننصح الاخوة المبتدئين ان يستعينوا بشاحن متعدد .', 'images/questions/o19hh7l8WWHR81WSVRDz7mWQsMBSkgWY8qhFvIvl.jpeg', 888, '2017-04-25 12:09:07', 'open', 1, 14, NULL),
(16, 'الويندوز لا يعمل اطلاقا ما الحل؟', 'الجهاز لا يشعر بالشاحن و بالتالي لمبة الشحن الخاصة بالبطارية لا تعمل او لمبة الباور كما في بعض الاجهزة و لكشف هذا العطل نتبع التالي :-\r\n1- اولا نتأكد من ان وصلة الباور المغذية ((كابل الباور)) للشاحن من الكهرباء سليمة وتعمل .\r\n2- نتأكد من ان الشاحن يعمل عن طريق قياس الفولت الخارج منه و هو ان نظبط وضع الافوميتر في وضع قياس تيار ثابت اعلى من 20 فولت .\r\nو في حالة اكتشاف ان العطل في كابل الشاحن يتم تغيير الشاحن او كابل الشاحن و هنا ننصح الاخوة المبتدئين ان يستعينوا بشاحن متعدد .', 'images/questions/o19hh7l8WWHR81WSVRDz7mWQsMBSkgWY8qhFvIvl.jpeg', 4785, '2017-04-25 12:09:07', 'open', 2, 15, NULL),
(17, 'تكلفة شاحن جديد كوبي رايت', 'الجهاز لا يشعر بالشاحن و بالتالي لمبة الشحن الخاصة بالبطارية لا تعمل او لمبة الباور كما في بعض الاجهزة و لكشف هذا العطل نتبع التالي :-\r\n1- اولا نتأكد من ان وصلة الباور المغذية ((كابل الباور)) للشاحن من الكهرباء سليمة وتعمل .\r\n2- نتأكد من ان الشاحن يعمل عن طريق قياس الفولت الخارج منه و هو ان نظبط وضع الافوميتر في وضع قياس تيار ثابت اعلى من 20 فولت .\r\nو في حالة اكتشاف ان العطل في كابل الشاحن يتم تغيير الشاحن او كابل الشاحن و هنا ننصح الاخوة المبتدئين ان يستعينوا بشاحن متعدد .', 'images/questions/o19hh7l8WWHR81WSVRDz7mWQsMBSkgWY8qhFvIvl.jpeg', 78, '2017-04-25 12:09:07', 'open', 2, 11, NULL),
(18, 'كم مبلغ تصليح شاشة جديدة', 'الجهاز لا يشعر بالشاحن و بالتالي لمبة الشحن الخاصة بالبطارية لا تعمل او لمبة الباور كما في بعض الاجهزة و لكشف هذا العطل نتبع التالي :-\r\n1- اولا نتأكد من ان وصلة الباور المغذية ((كابل الباور)) للشاحن من الكهرباء سليمة وتعمل .\r\n2- نتأكد من ان الشاحن يعمل عن طريق قياس الفولت الخارج منه و هو ان نظبط وضع الافوميتر في وضع قياس تيار ثابت اعلى من 20 فولت .\r\nو في حالة اكتشاف ان العطل في كابل الشاحن يتم تغيير الشاحن او كابل الشاحن و هنا ننصح الاخوة المبتدئين ان يستعينوا بشاحن متعدد .', 'images/questions/o19hh7l8WWHR81WSVRDz7mWQsMBSkgWY8qhFvIvl.jpeg', 898, '2017-04-25 12:09:07', 'open', 2, 15, NULL),
(19, 'اعطال الباور', 'الجهاز لا يشعر بالشاحن و بالتالي لمبة الشحن الخاصة بالبطارية لا تعمل او لمبة الباور كما في بعض الاجهزة و لكشف هذا العطل نتبع التالي :-\r\n1- اولا نتأكد من ان وصلة الباور المغذية ((كابل الباور)) للشاحن من الكهرباء سليمة وتعمل .\r\n2- نتأكد من ان الشاحن يعمل عن طريق قياس الفولت الخارج منه و هو ان نظبط وضع الافوميتر في وضع قياس تيار ثابت اعلى من 20 فولت .\r\nو في حالة اكتشاف ان العطل في كابل الشاحن يتم تغيير الشاحن او كابل الشاحن و هنا ننصح الاخوة المبتدئين ان يستعينوا بشاحن متعدد .', 'images/questions/o19hh7l8WWHR81WSVRDz7mWQsMBSkgWY8qhFvIvl.jpeg', 100, '2017-04-25 12:09:07', 'open', 2, 13, NULL),
(20, 'مشكلة في المازربورد', 'الجهاز لا يشعر بالشاحن و بالتالي لمبة الشحن الخاصة بالبطارية لا تعمل او لمبة الباور كما في بعض الاجهزة و لكشف هذا العطل نتبع التالي :-\r\n1- اولا نتأكد من ان وصلة الباور المغذية ((كابل الباور)) للشاحن من الكهرباء سليمة وتعمل .\r\n2- نتأكد من ان الشاحن يعمل عن طريق قياس الفولت الخارج منه و هو ان نظبط وضع الافوميتر في وضع قياس تيار ثابت اعلى من 20 فولت .\r\nو في حالة اكتشاف ان العطل في كابل الشاحن يتم تغيير الشاحن او كابل الشاحن و هنا ننصح الاخوة المبتدئين ان يستعينوا بشاحن متعدد .', 'images/questions/o19hh7l8WWHR81WSVRDz7mWQsMBSkgWY8qhFvIvl.jpeg', 200, '2017-04-25 12:09:07', 'open', 2, 20, NULL),
(21, 'مروحة اللاب لا تعمل', 'الجهاز لا يشعر بالشاحن و بالتالي لمبة الشحن الخاصة بالبطارية لا تعمل او لمبة الباور كما في بعض الاجهزة و لكشف هذا العطل نتبع التالي :-\r\n1- اولا نتأكد من ان وصلة الباور المغذية ((كابل الباور)) للشاحن من الكهرباء سليمة وتعمل .\r\n2- نتأكد من ان الشاحن يعمل عن طريق قياس الفولت الخارج منه و هو ان نظبط وضع الافوميتر في وضع قياس تيار ثابت اعلى من 20 فولت .\r\nو في حالة اكتشاف ان العطل في كابل الشاحن يتم تغيير الشاحن او كابل الشاحن و هنا ننصح الاخوة المبتدئين ان يستعينوا بشاحن متعدد .', 'images/questions/o19hh7l8WWHR81WSVRDz7mWQsMBSkgWY8qhFvIvl.jpeg', 400, '2017-04-25 12:09:07', 'open', 1, 15, NULL),
(22, 'شاحن لا hp لا يعمل', 'الجهاز لا يشعر بالشاحن و بالتالي لمبة الشحن الخاصة بالبطارية لا تعمل او لمبة الباور كما في بعض الاجهزة و لكشف هذا العطل نتبع التالي :-\r\n1- اولا نتأكد من ان وصلة الباور المغذية ((كابل الباور)) للشاحن من الكهرباء سليمة وتعمل .\r\n2- نتأكد من ان الشاحن يعمل عن طريق قياس الفولت الخارج منه و هو ان نظبط وضع الافوميتر في وضع قياس تيار ثابت اعلى من 20 فولت .\r\nو في حالة اكتشاف ان العطل في كابل الشاحن يتم تغيير الشاحن او كابل الشاحن و هنا ننصح الاخوة المبتدئين ان يستعينوا بشاحن متعدد .', 'images/questions/o19hh7l8WWHR81WSVRDz7mWQsMBSkgWY8qhFvIvl.jpeg', 125, '2017-04-25 12:09:08', 'open', 2, 19, NULL),
(23, 'كم مبلغ تصليح شاشة جديدة', 'الجهاز لا يشعر بالشاحن و بالتالي لمبة الشحن الخاصة بالبطارية لا تعمل او لمبة الباور كما في بعض الاجهزة و لكشف هذا العطل نتبع التالي :-\r\n1- اولا نتأكد من ان وصلة الباور المغذية ((كابل الباور)) للشاحن من الكهرباء سليمة وتعمل .\r\n2- نتأكد من ان الشاحن يعمل عن طريق قياس الفولت الخارج منه و هو ان نظبط وضع الافوميتر في وضع قياس تيار ثابت اعلى من 20 فولت .\r\nو في حالة اكتشاف ان العطل في كابل الشاحن يتم تغيير الشاحن او كابل الشاحن و هنا ننصح الاخوة المبتدئين ان يستعينوا بشاحن متعدد .', 'images/questions/o19hh7l8WWHR81WSVRDz7mWQsMBSkgWY8qhFvIvl.jpeg', 11, '2017-04-25 12:09:08', 'open', 2, 15, NULL),
(24, 'الويندوز لا يعمل اطلاقا ما الحل؟', 'الجهاز لا يشعر بالشاحن و بالتالي لمبة الشحن الخاصة بالبطارية لا تعمل او لمبة الباور كما في بعض الاجهزة و لكشف هذا العطل نتبع التالي :-\r\n1- اولا نتأكد من ان وصلة الباور المغذية ((كابل الباور)) للشاحن من الكهرباء سليمة وتعمل .\r\n2- نتأكد من ان الشاحن يعمل عن طريق قياس الفولت الخارج منه و هو ان نظبط وضع الافوميتر في وضع قياس تيار ثابت اعلى من 20 فولت .\r\nو في حالة اكتشاف ان العطل في كابل الشاحن يتم تغيير الشاحن او كابل الشاحن و هنا ننصح الاخوة المبتدئين ان يستعينوا بشاحن متعدد .', 'images/questions/o19hh7l8WWHR81WSVRDz7mWQsMBSkgWY8qhFvIvl.jpeg', 693, '2017-04-25 12:09:08', 'open', 2, 11, NULL),
(25, 'سخونية لابتوبي ارجو المساعدة', 'الجهاز لا يشعر بالشاحن و بالتالي لمبة الشحن الخاصة بالبطارية لا تعمل او لمبة الباور كما في بعض الاجهزة و لكشف هذا العطل نتبع التالي :-\r\n1- اولا نتأكد من ان وصلة الباور المغذية ((كابل الباور)) للشاحن من الكهرباء سليمة وتعمل .\r\n2- نتأكد من ان الشاحن يعمل عن طريق قياس الفولت الخارج منه و هو ان نظبط وضع الافوميتر في وضع قياس تيار ثابت اعلى من 20 فولت .\r\nو في حالة اكتشاف ان العطل في كابل الشاحن يتم تغيير الشاحن او كابل الشاحن و هنا ننصح الاخوة المبتدئين ان يستعينوا بشاحن متعدد .', 'images/questions/o19hh7l8WWHR81WSVRDz7mWQsMBSkgWY8qhFvIvl.jpeg', 745, '2017-04-25 12:09:08', 'open', 2, 12, NULL),
(26, 'مشكلة في المازربورد', 'الجهاز لا يشعر بالشاحن و بالتالي لمبة الشحن الخاصة بالبطارية لا تعمل او لمبة الباور كما في بعض الاجهزة و لكشف هذا العطل نتبع التالي :-\r\n1- اولا نتأكد من ان وصلة الباور المغذية ((كابل الباور)) للشاحن من الكهرباء سليمة وتعمل .\r\n2- نتأكد من ان الشاحن يعمل عن طريق قياس الفولت الخارج منه و هو ان نظبط وضع الافوميتر في وضع قياس تيار ثابت اعلى من 20 فولت .\r\nو في حالة اكتشاف ان العطل في كابل الشاحن يتم تغيير الشاحن او كابل الشاحن و هنا ننصح الاخوة المبتدئين ان يستعينوا بشاحن متعدد .', 'images/questions/o19hh7l8WWHR81WSVRDz7mWQsMBSkgWY8qhFvIvl.jpeg', 300, '2017-04-25 12:09:08', 'open', 2, 11, NULL),
(27, 'مشكلة في المازربورد', 'الجهاز لا يشعر بالشاحن و بالتالي لمبة الشحن الخاصة بالبطارية لا تعمل او لمبة الباور كما في بعض الاجهزة و لكشف هذا العطل نتبع التالي :-\r\n1- اولا نتأكد من ان وصلة الباور المغذية ((كابل الباور)) للشاحن من الكهرباء سليمة وتعمل .\r\n2- نتأكد من ان الشاحن يعمل عن طريق قياس الفولت الخارج منه و هو ان نظبط وضع الافوميتر في وضع قياس تيار ثابت اعلى من 20 فولت .\r\nو في حالة اكتشاف ان العطل في كابل الشاحن يتم تغيير الشاحن او كابل الشاحن و هنا ننصح الاخوة المبتدئين ان يستعينوا بشاحن متعدد .', 'images/questions/o19hh7l8WWHR81WSVRDz7mWQsMBSkgWY8qhFvIvl.jpeg', 150, '2017-04-25 12:09:08', 'open', 2, 18, NULL),
(28, 'اعطال المازربورد', 'الجهاز لا يشعر بالشاحن و بالتالي لمبة الشحن الخاصة بالبطارية لا تعمل او لمبة الباور كما في بعض الاجهزة و لكشف هذا العطل نتبع التالي :-\r\n1- اولا نتأكد من ان وصلة الباور المغذية ((كابل الباور)) للشاحن من الكهرباء سليمة وتعمل .\r\n2- نتأكد من ان الشاحن يعمل عن طريق قياس الفولت الخارج منه و هو ان نظبط وضع الافوميتر في وضع قياس تيار ثابت اعلى من 20 فولت .\r\nو في حالة اكتشاف ان العطل في كابل الشاحن يتم تغيير الشاحن او كابل الشاحن و هنا ننصح الاخوة المبتدئين ان يستعينوا بشاحن متعدد .', 'images/questions/o19hh7l8WWHR81WSVRDz7mWQsMBSkgWY8qhFvIvl.jpeg', 125, '2017-04-25 12:09:08', 'open', 2, 20, NULL),
(29, 'الويندوز لا يعمل اطلاقا ما الحل؟', 'الجهاز لا يشعر بالشاحن و بالتالي لمبة الشحن الخاصة بالبطارية لا تعمل او لمبة الباور كما في بعض الاجهزة و لكشف هذا العطل نتبع التالي :-\r\n1- اولا نتأكد من ان وصلة الباور المغذية ((كابل الباور)) للشاحن من الكهرباء سليمة وتعمل .\r\n2- نتأكد من ان الشاحن يعمل عن طريق قياس الفولت الخارج منه و هو ان نظبط وضع الافوميتر في وضع قياس تيار ثابت اعلى من 20 فولت .\r\nو في حالة اكتشاف ان العطل في كابل الشاحن يتم تغيير الشاحن او كابل الشاحن و هنا ننصح الاخوة المبتدئين ان يستعينوا بشاحن متعدد .', 'images/questions/o19hh7l8WWHR81WSVRDz7mWQsMBSkgWY8qhFvIvl.jpeg', 985, '2017-04-25 12:09:08', 'open', 2, 15, NULL),
(30, 'مشكلة في شاشة لاب سوني', 'الجهاز لا يشعر بالشاحن و بالتالي لمبة الشحن الخاصة بالبطارية لا تعمل او لمبة الباور كما في بعض الاجهزة و لكشف هذا العطل نتبع التالي :-\r\n1- اولا نتأكد من ان وصلة الباور المغذية ((كابل الباور)) للشاحن من الكهرباء سليمة وتعمل .\r\n2- نتأكد من ان الشاحن يعمل عن طريق قياس الفولت الخارج منه و هو ان نظبط وضع الافوميتر في وضع قياس تيار ثابت اعلى من 20 فولت .\r\nو في حالة اكتشاف ان العطل في كابل الشاحن يتم تغيير الشاحن او كابل الشاحن و هنا ننصح الاخوة المبتدئين ان يستعينوا بشاحن متعدد .', 'images/questions/o19hh7l8WWHR81WSVRDz7mWQsMBSkgWY8qhFvIvl.jpeg', 129, '2017-04-25 12:09:08', 'open', 1, 11, NULL),
(31, 'مشكلة في المازربورد', 'الجهاز لا يشعر بالشاحن و بالتالي لمبة الشحن الخاصة بالبطارية لا تعمل او لمبة الباور كما في بعض الاجهزة و لكشف هذا العطل نتبع التالي :-\r\n1- اولا نتأكد من ان وصلة الباور المغذية ((كابل الباور)) للشاحن من الكهرباء سليمة وتعمل .\r\n2- نتأكد من ان الشاحن يعمل عن طريق قياس الفولت الخارج منه و هو ان نظبط وضع الافوميتر في وضع قياس تيار ثابت اعلى من 20 فولت .\r\nو في حالة اكتشاف ان العطل في كابل الشاحن يتم تغيير الشاحن او كابل الشاحن و هنا ننصح الاخوة المبتدئين ان يستعينوا بشاحن متعدد .', 'images/questions/o19hh7l8WWHR81WSVRDz7mWQsMBSkgWY8qhFvIvl.jpeg', 987, '2017-04-25 12:09:08', 'open', 2, 12, NULL),
(32, 'سخونية لابتوبي ارجو المساعدة', 'الجهاز لا يشعر بالشاحن و بالتالي لمبة الشحن الخاصة بالبطارية لا تعمل او لمبة الباور كما في بعض الاجهزة و لكشف هذا العطل نتبع التالي :-\r\n1- اولا نتأكد من ان وصلة الباور المغذية ((كابل الباور)) للشاحن من الكهرباء سليمة وتعمل .\r\n2- نتأكد من ان الشاحن يعمل عن طريق قياس الفولت الخارج منه و هو ان نظبط وضع الافوميتر في وضع قياس تيار ثابت اعلى من 20 فولت .\r\nو في حالة اكتشاف ان العطل في كابل الشاحن يتم تغيير الشاحن او كابل الشاحن و هنا ننصح الاخوة المبتدئين ان يستعينوا بشاحن متعدد .', 'images/questions/o19hh7l8WWHR81WSVRDz7mWQsMBSkgWY8qhFvIvl.jpeg', 205, '2017-04-25 12:09:08', 'open', 2, 11, NULL),
(33, 'كم مبلغ تصليح شاشة جديدة', 'الجهاز لا يشعر بالشاحن و بالتالي لمبة الشحن الخاصة بالبطارية لا تعمل او لمبة الباور كما في بعض الاجهزة و لكشف هذا العطل نتبع التالي :-\r\n1- اولا نتأكد من ان وصلة الباور المغذية ((كابل الباور)) للشاحن من الكهرباء سليمة وتعمل .\r\n2- نتأكد من ان الشاحن يعمل عن طريق قياس الفولت الخارج منه و هو ان نظبط وضع الافوميتر في وضع قياس تيار ثابت اعلى من 20 فولت .\r\nو في حالة اكتشاف ان العطل في كابل الشاحن يتم تغيير الشاحن او كابل الشاحن و هنا ننصح الاخوة المبتدئين ان يستعينوا بشاحن متعدد .', 'images/questions/o19hh7l8WWHR81WSVRDz7mWQsMBSkgWY8qhFvIvl.jpeg', 456, '2017-04-25 12:09:08', 'open', 1, 17, NULL),
(34, 'الويندوز لا يعمل اطلاقا ما الحل؟', 'الجهاز لا يشعر بالشاحن و بالتالي لمبة الشحن الخاصة بالبطارية لا تعمل او لمبة الباور كما في بعض الاجهزة و لكشف هذا العطل نتبع التالي :-\r\n1- اولا نتأكد من ان وصلة الباور المغذية ((كابل الباور)) للشاحن من الكهرباء سليمة وتعمل .\r\n2- نتأكد من ان الشاحن يعمل عن طريق قياس الفولت الخارج منه و هو ان نظبط وضع الافوميتر في وضع قياس تيار ثابت اعلى من 20 فولت .\r\nو في حالة اكتشاف ان العطل في كابل الشاحن يتم تغيير الشاحن او كابل الشاحن و هنا ننصح الاخوة المبتدئين ان يستعينوا بشاحن متعدد .', 'images/questions/o19hh7l8WWHR81WSVRDz7mWQsMBSkgWY8qhFvIvl.jpeg', 964, '2017-04-25 12:09:08', 'open', 1, 16, NULL),
(35, 'كم مبلغ تصليح شاشة جديدة', 'الجهاز لا يشعر بالشاحن و بالتالي لمبة الشحن الخاصة بالبطارية لا تعمل او لمبة الباور كما في بعض الاجهزة و لكشف هذا العطل نتبع التالي :-\r\n1- اولا نتأكد من ان وصلة الباور المغذية ((كابل الباور)) للشاحن من الكهرباء سليمة وتعمل .\r\n2- نتأكد من ان الشاحن يعمل عن طريق قياس الفولت الخارج منه و هو ان نظبط وضع الافوميتر في وضع قياس تيار ثابت اعلى من 20 فولت .\r\nو في حالة اكتشاف ان العطل في كابل الشاحن يتم تغيير الشاحن او كابل الشاحن و هنا ننصح الاخوة المبتدئين ان يستعينوا بشاحن متعدد .', 'images/questions/o19hh7l8WWHR81WSVRDz7mWQsMBSkgWY8qhFvIvl.jpeg', 854, '2017-04-25 12:09:08', 'open', 2, 11, NULL),
(36, 'الويندوز لا يعمل اطلاقا ما الحل؟', 'الجهاز لا يشعر بالشاحن و بالتالي لمبة الشحن الخاصة بالبطارية لا تعمل او لمبة الباور كما في بعض الاجهزة و لكشف هذا العطل نتبع التالي :-\r\n1- اولا نتأكد من ان وصلة الباور المغذية ((كابل الباور)) للشاحن من الكهرباء سليمة وتعمل .\r\n2- نتأكد من ان الشاحن يعمل عن طريق قياس الفولت الخارج منه و هو ان نظبط وضع الافوميتر في وضع قياس تيار ثابت اعلى من 20 فولت .\r\nو في حالة اكتشاف ان العطل في كابل الشاحن يتم تغيير الشاحن او كابل الشاحن و هنا ننصح الاخوة المبتدئين ان يستعينوا بشاحن متعدد .', 'images/questions/o19hh7l8WWHR81WSVRDz7mWQsMBSkgWY8qhFvIvl.jpeg', 741, '2017-04-25 12:09:08', 'open', 1, 17, NULL),
(37, 'تكلفة شاحن جديد كوبي رايت', 'الجهاز لا يشعر بالشاحن و بالتالي لمبة الشحن الخاصة بالبطارية لا تعمل او لمبة الباور كما في بعض الاجهزة و لكشف هذا العطل نتبع التالي :-\r\n1- اولا نتأكد من ان وصلة الباور المغذية ((كابل الباور)) للشاحن من الكهرباء سليمة وتعمل .\r\n2- نتأكد من ان الشاحن يعمل عن طريق قياس الفولت الخارج منه و هو ان نظبط وضع الافوميتر في وضع قياس تيار ثابت اعلى من 20 فولت .\r\nو في حالة اكتشاف ان العطل في كابل الشاحن يتم تغيير الشاحن او كابل الشاحن و هنا ننصح الاخوة المبتدئين ان يستعينوا بشاحن متعدد .', 'images/questions/o19hh7l8WWHR81WSVRDz7mWQsMBSkgWY8qhFvIvl.jpeg', 147, '2017-04-25 12:09:08', 'open', 2, 11, NULL),
(38, 'سخونية لابتوبي ارجو المساعدة', 'الجهاز لا يشعر بالشاحن و بالتالي لمبة الشحن الخاصة بالبطارية لا تعمل او لمبة الباور كما في بعض الاجهزة و لكشف هذا العطل نتبع التالي :-\r\n1- اولا نتأكد من ان وصلة الباور المغذية ((كابل الباور)) للشاحن من الكهرباء سليمة وتعمل .\r\n2- نتأكد من ان الشاحن يعمل عن طريق قياس الفولت الخارج منه و هو ان نظبط وضع الافوميتر في وضع قياس تيار ثابت اعلى من 20 فولت .\r\nو في حالة اكتشاف ان العطل في كابل الشاحن يتم تغيير الشاحن او كابل الشاحن و هنا ننصح الاخوة المبتدئين ان يستعينوا بشاحن متعدد .', 'images/questions/o19hh7l8WWHR81WSVRDz7mWQsMBSkgWY8qhFvIvl.jpeg', 370, '2017-04-25 12:09:08', 'open', 1, 20, NULL),
(39, 'كم مبلغ تصليح شاشة جديدة', 'الجهاز لا يشعر بالشاحن و بالتالي لمبة الشحن الخاصة بالبطارية لا تعمل او لمبة الباور كما في بعض الاجهزة و لكشف هذا العطل نتبع التالي :-\r\n1- اولا نتأكد من ان وصلة الباور المغذية ((كابل الباور)) للشاحن من الكهرباء سليمة وتعمل .\r\n2- نتأكد من ان الشاحن يعمل عن طريق قياس الفولت الخارج منه و هو ان نظبط وضع الافوميتر في وضع قياس تيار ثابت اعلى من 20 فولت .\r\nو في حالة اكتشاف ان العطل في كابل الشاحن يتم تغيير الشاحن او كابل الشاحن و هنا ننصح الاخوة المبتدئين ان يستعينوا بشاحن متعدد .', 'images/questions/o19hh7l8WWHR81WSVRDz7mWQsMBSkgWY8qhFvIvl.jpeg', 259, '2017-04-25 12:09:09', 'closed', 2, 18, NULL),
(40, 'كم مبلغ تصليح شاشة جديدة', 'الجهاز لا يشعر بالشاحن و بالتالي لمبة الشحن الخاصة بالبطارية لا تعمل او لمبة الباور كما في بعض الاجهزة و لكشف هذا العطل نتبع التالي :-\r\n1- اولا نتأكد من ان وصلة الباور المغذية ((كابل الباور)) للشاحن من الكهرباء سليمة وتعمل .\r\n2- نتأكد من ان الشاحن يعمل عن طريق قياس الفولت الخارج منه و هو ان نظبط وضع الافوميتر في وضع قياس تيار ثابت اعلى من 20 فولت .\r\nو في حالة اكتشاف ان العطل في كابل الشاحن يتم تغيير الشاحن او كابل الشاحن و هنا ننصح الاخوة المبتدئين ان يستعينوا بشاحن متعدد .', 'Prof. Freddy Medhurst', 429, '2017-04-25 12:09:09', 'open', 1, 19, NULL),
(41, 'كيف تصلح الشاشة', 'alert(\'hello\')', NULL, 12, '2017-04-26 12:09:35', 'open', 1, 17, NULL);

-- --------------------------------------------------------

--
-- Table structure for table `ratings`
--

CREATE TABLE `ratings` (
  `id` int(10) UNSIGNED NOT NULL,
  `user_id` int(10) UNSIGNED NOT NULL,
  `company_id` int(10) UNSIGNED NOT NULL,
  `stars` tinyint(3) UNSIGNED NOT NULL DEFAULT '0',
  `review` text COLLATE utf8mb4_unicode_ci NOT NULL,
  `status` enum('0','1') COLLATE utf8mb4_unicode_ci NOT NULL,
  `created_at` timestamp NOT NULL DEFAULT CURRENT_TIMESTAMP
) ENGINE=InnoDB DEFAULT CHARSET=utf8mb4 COLLATE=utf8mb4_unicode_ci;

--
-- Dumping data for table `ratings`
--

INSERT INTO `ratings` (`id`, `user_id`, `company_id`, `stars`, `review`, `status`, `created_at`) VALUES
(1, 20, 1, 3, 'العمل كان جيد', '1', '2017-04-25 12:09:13'),
(2, 19, 2, 1, 'العمل سيئ للغاية', '1', '2017-04-25 12:09:13'),
(3, 18, 3, 3, 'العمل كان جيد', '1', '2017-04-25 12:09:13'),
(4, 17, 4, 4, 'العمل كان جيد ، شكرا لك ', '1', '2017-04-25 12:09:14'),
(5, 16, 5, 5, 'العمل كان جيد ، شكرا لك ', '1', '2017-04-25 12:09:14'),
(6, 15, 6, 1, 'العمل سيئ للغاية', '1', '2017-04-25 12:09:14'),
(7, 14, 7, 3, 'العمل كان جيد', '1', '2017-04-25 12:09:14'),
(8, 13, 8, 1, 'العمل سيئ للغاية', '1', '2017-04-25 12:09:14'),
(9, 12, 9, 2, 'اهدر من وقتي الى حد ما عن كلا شكرا لك', '1', '2017-04-25 12:09:14'),
(10, 11, 10, 1, 'العمل سيئ للغاية', '1', '2017-04-25 12:09:14'),
(11, 17, 24, 0, ' ', '0', '2017-04-26 12:14:33');

-- --------------------------------------------------------

--
-- Table structure for table `settings`
--

CREATE TABLE `settings` (
  `id` int(10) UNSIGNED NOT NULL,
  `title` varchar(70) COLLATE utf8mb4_unicode_ci NOT NULL,
  `copyrights` varchar(70) COLLATE utf8mb4_unicode_ci NOT NULL,
  `meta_description` text COLLATE utf8mb4_unicode_ci NOT NULL,
  `meta_keywords` text COLLATE utf8mb4_unicode_ci NOT NULL,
  `fb_account` varchar(70) COLLATE utf8mb4_unicode_ci NOT NULL,
  `tw_account` varchar(70) COLLATE utf8mb4_unicode_ci NOT NULL,
  `yt_account` varchar(70) COLLATE utf8mb4_unicode_ci NOT NULL,
  `gp_account` varchar(70) COLLATE utf8mb4_unicode_ci NOT NULL,
  `google_ann` text COLLATE utf8mb4_unicode_ci NOT NULL,
  `webmaster_email` varchar(50) COLLATE utf8mb4_unicode_ci NOT NULL,
  `support_email` varchar(50) COLLATE utf8mb4_unicode_ci NOT NULL,
  `phone` varchar(50) COLLATE utf8mb4_unicode_ci NOT NULL
) ENGINE=InnoDB DEFAULT CHARSET=utf8mb4 COLLATE=utf8mb4_unicode_ci;

--
-- Dumping data for table `settings`
--

INSERT INTO `settings` (`id`, `title`, `copyrights`, `meta_description`, `meta_keywords`, `fb_account`, `tw_account`, `yt_account`, `gp_account`, `google_ann`, `webmaster_email`, `support_email`, `phone`) VALUES
(1, 'Salahly', '© Salahly 2014. All right reserved.', 'Salahly for .....', 'salahly, maintainance, pc, laptop', 'https://www.kza.com', 'https://www.kza.com', 'https://www.kza.com', 'https://www.kza.com', '<script async src=\"//pagead2.googlesyndication.com/pagead/js/adsbygoogle.js\"></script><!-- wza2ef --><ins class=\"adsbygoogle\"    style=\"display:block\"    data-ad-client=\"ca-pub-2178725799240442\"    data-ad-slot=\"4745084170\"    data-ad-format=\"auto\"></ins><script>(adsbygoogle = window.adsbygoogle || []).push({});</script>', 'info@salahly.com', 'support@salahly.com', '01234567890');

-- --------------------------------------------------------

--
-- Table structure for table `users`
--

CREATE TABLE `users` (
  `id` int(10) UNSIGNED NOT NULL,
  `name` varchar(191) COLLATE utf8mb4_unicode_ci NOT NULL,
  `email` varchar(100) COLLATE utf8mb4_unicode_ci NOT NULL,
  `password` varchar(191) COLLATE utf8mb4_unicode_ci NOT NULL,
  `img` varchar(191) COLLATE utf8mb4_unicode_ci DEFAULT NULL,
  `city` varchar(70) COLLATE utf8mb4_unicode_ci NOT NULL,
  `cover` varchar(191) COLLATE utf8mb4_unicode_ci DEFAULT NULL,
  `phone` varchar(50) COLLATE utf8mb4_unicode_ci DEFAULT NULL,
  `remember_token` varchar(100) COLLATE utf8mb4_unicode_ci DEFAULT NULL,
  `created_at` timestamp NULL DEFAULT NULL,
  `updated_at` timestamp NULL DEFAULT NULL,
  `group_id` int(10) UNSIGNED NOT NULL,
  `deleted_at` timestamp NULL DEFAULT NULL
) ENGINE=InnoDB DEFAULT CHARSET=utf8mb4 COLLATE=utf8mb4_unicode_ci;

--
-- Dumping data for table `users`
--

INSERT INTO `users` (`id`, `name`, `email`, `password`, `img`, `city`, `cover`, `phone`, `remember_token`, `created_at`, `updated_at`, `group_id`, `deleted_at`) VALUES
(1, 'شركة اي سبيس', 'muhamed.kamel.elsayed@gmail.com', '$2y$10$uLD9i3Nx8/P6ISBKybiNWe7DZxEc2D1zOr93L6pHrlb7QQRSUuqI.', 'images/profile/default.jpg', 'القاهره', 'images/cover/default.jpeg', '01236958745', 'Ui0d4hJl611GLtBCBYNhIU2cFU20E1OR0bFZOyAr9l1z4Q3BP2LfuHqKOEas', '2017-04-25 12:09:02', '2017-04-25 12:09:02', 2, NULL),
(2, 'شركة داتا للابتوب', 'helga40@gmail.com', '$2y$10$wxbP7xnnhgE90tWiFNHc3.iP7tArcxpTl1H.hPERDESpd87h/Z0Oi', 'images/profile/default.jpg', 'القاهره', 'images/cover/default.jpeg', '01010205659', 'Nqx0riaXRSTiKRu1KdhfkdSCc32HE5IjAeZbexsZ4osDDaTiGAp55czOf4Ko', '2017-04-25 12:09:02', '2017-04-25 12:09:02', 2, NULL),
(3, 'شركة السلام', 'phyllis88@hotmail.com', '$2y$10$8xtnxV9anBaVQeLDB/ik1OSyN1DfEUh7ZrqK3148opBg15hHSRVWK', 'images/profile/default.jpg', 'القاهره', 'images/cover/default.jpeg', '896523215487', NULL, '2017-04-25 12:09:02', '2017-04-25 12:09:02', 2, NULL),
(4, 'شركة عوضكو', 'monte84@bayer.com', '$2y$10$7cLqEYNzEpnjT5rdaJnqpObdgpjW/.ADNk841tX7QDxOi97unMghi', 'images/profile/default.jpg', 'القاهره', 'images/cover/default.jpeg', '896536985745', NULL, '2017-04-25 12:09:02', '2017-04-25 12:09:02', 2, NULL),
(5, 'اتصالات', 'lizeth.hand@gmail.com', '$2y$10$2F0r.SewpHAnTzVFHQ7S8.WXC/zLm.nFD2QcmQhegu.bKm2DuVpoq', 'images/profile/default.jpg', 'القاهره', 'images/cover/default.jpeg', '987458965241', NULL, '2017-04-25 12:09:02', '2017-04-25 12:09:02', 2, NULL),
(6, 'موبينيل', 'vidal.quigley@gmail.com', '$2y$10$scKr.dneAPLjWHBBzZ1zmuEl0mmHT0W0oQWFmgtFyk.Uab3ylrZ1u', 'images/profile/default.jpg', 'القاهرة', 'images/cover/default.jpeg', '369878965445', 'NcIbNKhmz2KhxOpRkb4ycTkAYpuvIMJ7chVQ5sR501bKig0ZApSfUcIitDno', '2017-04-25 12:09:03', '2017-04-26 01:31:21', 2, NULL),
(7, 'فودافون', 'mleuschke@jones.com', '$2y$10$SorAB9imTtRUqtlk2P7sfOWdDhnAfRSwXeIxwaEQ2403qYqFCewT.', 'images/profile/default.jpg', 'القاهره', 'images/cover/default.jpeg', '875692555612', 'FSkUKU0JTZVIi46xtU2KNnMy2ZyJFTkaYpjJXkcVeEtZICY3hBgp5J3TFYsG', '2017-04-25 12:09:03', '2017-04-25 12:09:03', 2, NULL),
(8, 'data recovery', 'nader.santino@gmail.com', '$2y$10$BGjmkoYYvLT8anUxHJadn.mwdwLvv67HW65q0HT4.lEKwj9.QyxMy', 'images/profile/default.jpg', 'القاهره', 'images/cover/default.jpeg', '987125463359', NULL, '2017-04-25 12:09:03', '2017-04-25 12:09:03', 2, NULL),
(9, 'داتا كوبي', 'melyssa06@ankunding.com', '$2y$10$BHqoCBT.TC1vQ6Sn8WrSleIfJoh4j9Ed94AYWXOG42PWhpS7j/A2y', 'images/profile/default.jpg', 'القاهره', 'images/cover/default.jpeg', '987458744555', NULL, '2017-04-25 12:09:03', '2017-04-25 12:09:03', 2, NULL),
(10, 'سوفت اكسبريت', 'xmccullough@crona.com', '$2y$10$PLuwDoqLg/CQNRmRyRgnp.3xHbZPMb9Ydzgp/Yf4A.2tCIbRzEZG6', 'images/profile/default.jpg', 'القاهره', 'images/cover/default.jpeg', '986531478555', NULL, '2017-04-25 12:09:03', '2017-04-25 12:09:03', 2, NULL),
(11, 'محمود طه', 'berneice.moore@gmail.com', '$2y$10$UVBVa83qytfP/X0stL8PGOknwSpf8ox024WXoIhCS8kiDeyBxPPhm', 'images/profile/default.jpg', '2', 'images/cover/default.jpeg', '960362599444', NULL, '2017-04-25 12:09:04', '2017-04-26 01:53:35', 1, NULL),
(12, 'محمد عبد الحكيم', 'santos81@yahoo.com', '$2y$10$pN2LvkD8Um0OC3uTkCPK9uGPh0UU/0obYVG7K0PFtfqZUskKW7.KO', 'images/profile/default.jpg', 'القاهره', 'images/cover/default.jpeg', '987452652411', NULL, '2017-04-25 12:09:04', '2017-04-25 12:09:04', 1, NULL),
(13, 'مروة المناوي', 'cole.rosella@gmail.com', '$2y$10$3MWv5jAgWUQJiWhAlJVRguPheIPstK3TB7t04.UMYVsPodEfVFzRu', 'images/profile/default.jpg', 'القاهره', 'images/cover/default.jpeg', '320202547450', 'UZn8WzaQDfAjmVNkGj8VXr645IXC4FbmSPREPgLh96S6fgPj72w5a6SsRry7', '2017-04-25 12:09:04', '2017-04-25 12:09:04', 1, NULL),
(14, 'محمد كامل', 'collin36@swaniawski.com', '$2y$10$h28Lbz5vt.JRId0mXH4OhuUc/FP2NOr2ssiDMNyLuhvmkVwAjYPUG', 'images/profile/default.jpg', 'القاهره', 'images/cover/default.jpeg', '9874589320241', 'ThzoIwdffwZoIIZQ4qmFUw6BUUYNb8xV11Cv2qdXHdBCw1pf42ow3Fxd3Mcj', '2017-04-25 12:09:04', '2017-04-25 12:09:04', 1, NULL),
(15, 'عوض البنا', 'jcrooks@kling.com', '$2y$10$HDZ8RLagiKM1WqTEawvHVeQl1Ny3TAx6HULpO2vnXzFQ0PwxYiAx2', 'images/profile/default.jpg', 'القاهره', 'images/cover/default.jpeg', '5202652365656', NULL, '2017-04-25 12:09:04', '2017-04-25 12:09:04', 1, NULL),
(16, 'محمد عبد اللطيف', 'xkassulke@gmail.com', '$2y$10$BAxVTg1OmwDnofJ4bQFlQufbS8te4a40.gIvja6.K1PTiL1zE3/y6', 'images/profile/default.jpg', 'القاهره', 'images/cover/default.jpeg', '87563232698625', NULL, '2017-04-25 12:09:04', '2017-04-25 12:09:04', 1, NULL),
(17, 'محمد السعيد', 'vterry@yahoo.com', '$2y$10$6dg0sd662yFuptAbB3i8JOHCeBnSckv5JgLetJroix16dCVnkO21i', 'images/profile/default.jpg', 'القاهره', 'images/cover/default.jpeg', '3231000002565', 'JisIU4gpIL1fO72D6pnF1ZLk7bqgamnlFD4pGOMhTRc4jTbdYnNRDfe75pBl', '2017-04-25 12:09:04', '2017-04-25 12:09:04', 1, NULL),
(18, 'محمود عزت', 'gilda.monahan@jones.biz', '$2y$10$JTykcKTqRceiX4MPA9cP.eE4RwCsKyX4YQ9h2s31shaV3E1VUI7J6', 'images/profile/default.jpg', 'القاهره', 'images/cover/default.jpeg', '98658745266633', NULL, '2017-04-25 12:09:05', '2017-04-25 12:09:05', 1, NULL),
(19, 'سارة محمود', 'bonnie59@hotmail.com', '$2y$10$fpc4CVFNWyS/EPYWnt0sL.VDU0unvyVkif.hEQAvcN.JeBOMIRlZe', 'images/profile/default.jpg', 'القاهره', 'images/cover/default.jpeg', '87858584745522', NULL, '2017-04-25 12:09:05', '2017-04-25 12:09:05', 1, NULL),
(20, 'احمد البنا', 'feest.wava@lemke.info', '$2y$10$OJbtUiWQYbKCSwHvhi8t0O7zS7Qw7QcPV6D40PiZTG68K415HZatS', 'images/profile/default.jpg', 'القاهره', 'images/cover/default.jpeg', '9636962582144', NULL, '2017-04-25 12:09:05', '2017-04-25 12:09:05', 1, NULL),
(22, 'داتا للهاردوير', 'hamada@yahoo.com', '$2y$10$oGh8KTAUtTbxWyEZ6VlqN.wihdW7fOooFlJx4sJCx0yBZeZVZjtRu', 'images/profile/default.jpg', 'القاهره', 'images/cover/default.jpeg', '1234561564452', NULL, '2017-04-25 12:26:06', '2017-04-25 12:26:06', 2, NULL),
(23, 'admin', 'admin@fix-it.com', '$2y$10$AT/VsvmCWaeQ6PZeI2c/q.woX7fR0rZzu9ggM/v2mYmxI9v7fD8h.', 'images/cover/8V8EYzdHA9ehoMqUHDeBkd0FrPrWg9O9rcyCUXij.png', 'الاسكندريه', 'images/cover/default.jpeg', NULL, 'sGYOE54HjNKWwzKzaKRHIIwjRF4AvjdjA8v9t7og9WJvICNRHxiCCVr0gXLR', '2017-04-26 06:45:22', '2017-04-26 06:45:22', 3, NULL),
(24, 'dfssg', 'kamelm25@ymail.com', '$2y$10$EjJlDkE.s1cI/WGKckd8tus7J8re3OyjnD0aRo/mFkjvchIb5XKte', 'images/cover/0WKJvyd67SrFoAxQlEvW7cXeBdnFyia0CkYoZxwL.png', 'الشرقيه', 'images/cover/default.jpeg', '1159827208', NULL, '2017-04-26 09:57:27', '2017-04-26 09:57:27', 2, NULL);

--
-- Indexes for dumped tables
--

--
-- Indexes for table `cats`
--
ALTER TABLE `cats`
  ADD PRIMARY KEY (`id`);

--
-- Indexes for table `chats`
--
ALTER TABLE `chats`
  ADD PRIMARY KEY (`id`),
  ADD KEY `chats_sender_id_foreign` (`sender_id`),
  ADD KEY `chats_receiver_id_foreign` (`receiver_id`);

--
-- Indexes for table `comments`
--
ALTER TABLE `comments`
  ADD PRIMARY KEY (`id`),
  ADD KEY `comments_question_id_foreign` (`question_id`),
  ADD KEY `comments_user_id_foreign` (`user_id`);

--
-- Indexes for table `company_details`
--
ALTER TABLE `company_details`
  ADD PRIMARY KEY (`id`),
  ADD UNIQUE KEY `company_details_company_id_unique` (`company_id`);

--
-- Indexes for table `faqs`
--
ALTER TABLE `faqs`
  ADD PRIMARY KEY (`id`);

--
-- Indexes for table `groups`
--
ALTER TABLE `groups`
  ADD PRIMARY KEY (`id`);

--
-- Indexes for table `likes`
--
ALTER TABLE `likes`
  ADD PRIMARY KEY (`id`),
  ADD UNIQUE KEY `likes_user_id_comment_id_unique` (`user_id`,`comment_id`),
  ADD KEY `likes_comment_id_foreign` (`comment_id`);

--
-- Indexes for table `messages`
--
ALTER TABLE `messages`
  ADD PRIMARY KEY (`id`),
  ADD KEY `messages_sender_id_foreign` (`sender_id`),
  ADD KEY `messages_receiver_id_foreign` (`receiver_id`);

--
-- Indexes for table `migrations`
--
ALTER TABLE `migrations`
  ADD PRIMARY KEY (`id`);

--
-- Indexes for table `notifications`
--
ALTER TABLE `notifications`
  ADD PRIMARY KEY (`id`),
  ADD KEY `notifications_notifiable_id_notifiable_type_index` (`notifiable_id`,`notifiable_type`);

--
-- Indexes for table `pages`
--
ALTER TABLE `pages`
  ADD PRIMARY KEY (`id`);

--
-- Indexes for table `password_resets`
--
ALTER TABLE `password_resets`
  ADD KEY `password_resets_email_index` (`email`);

--
-- Indexes for table `questions`
--
ALTER TABLE `questions`
  ADD PRIMARY KEY (`id`),
  ADD KEY `questions_title_idx` (`title`(100)),
  ADD KEY `questions_cat_id_foreign` (`cat_id`),
  ADD KEY `questions_user_id_foreign` (`user_id`);

--
-- Indexes for table `ratings`
--
ALTER TABLE `ratings`
  ADD PRIMARY KEY (`id`),
  ADD KEY `ratings_company_id_foreign` (`company_id`),
  ADD KEY `ratings_user_id_foreign` (`user_id`);

--
-- Indexes for table `settings`
--
ALTER TABLE `settings`
  ADD PRIMARY KEY (`id`);

--
-- Indexes for table `users`
--
ALTER TABLE `users`
  ADD PRIMARY KEY (`id`),
  ADD UNIQUE KEY `users_email_unique` (`email`),
  ADD KEY `users_group_id_foreign` (`group_id`);

--
-- AUTO_INCREMENT for dumped tables
--

--
-- AUTO_INCREMENT for table `cats`
--
ALTER TABLE `cats`
  MODIFY `id` int(10) UNSIGNED NOT NULL AUTO_INCREMENT, AUTO_INCREMENT=3;
--
-- AUTO_INCREMENT for table `chats`
--
ALTER TABLE `chats`
  MODIFY `id` int(10) UNSIGNED NOT NULL AUTO_INCREMENT;
--
-- AUTO_INCREMENT for table `comments`
--
ALTER TABLE `comments`
  MODIFY `id` int(10) UNSIGNED NOT NULL AUTO_INCREMENT, AUTO_INCREMENT=64;
--
-- AUTO_INCREMENT for table `company_details`
--
ALTER TABLE `company_details`
  MODIFY `id` int(10) UNSIGNED NOT NULL AUTO_INCREMENT, AUTO_INCREMENT=13;
--
-- AUTO_INCREMENT for table `faqs`
--
ALTER TABLE `faqs`
  MODIFY `id` int(10) UNSIGNED NOT NULL AUTO_INCREMENT, AUTO_INCREMENT=5;
--
-- AUTO_INCREMENT for table `groups`
--
ALTER TABLE `groups`
  MODIFY `id` int(10) UNSIGNED NOT NULL AUTO_INCREMENT, AUTO_INCREMENT=4;
--
-- AUTO_INCREMENT for table `likes`
--
ALTER TABLE `likes`
  MODIFY `id` int(10) UNSIGNED NOT NULL AUTO_INCREMENT, AUTO_INCREMENT=6;
--
-- AUTO_INCREMENT for table `messages`
--
ALTER TABLE `messages`
  MODIFY `id` int(10) UNSIGNED NOT NULL AUTO_INCREMENT, AUTO_INCREMENT=99;
--
-- AUTO_INCREMENT for table `migrations`
--
ALTER TABLE `migrations`
  MODIFY `id` int(10) UNSIGNED NOT NULL AUTO_INCREMENT, AUTO_INCREMENT=115;
--
-- AUTO_INCREMENT for table `pages`
--
ALTER TABLE `pages`
  MODIFY `id` int(10) UNSIGNED NOT NULL AUTO_INCREMENT, AUTO_INCREMENT=3;
--
-- AUTO_INCREMENT for table `questions`
--
ALTER TABLE `questions`
  MODIFY `id` int(10) UNSIGNED NOT NULL AUTO_INCREMENT, AUTO_INCREMENT=42;
--
-- AUTO_INCREMENT for table `ratings`
--
ALTER TABLE `ratings`
  MODIFY `id` int(10) UNSIGNED NOT NULL AUTO_INCREMENT, AUTO_INCREMENT=12;
--
-- AUTO_INCREMENT for table `settings`
--
ALTER TABLE `settings`
  MODIFY `id` int(10) UNSIGNED NOT NULL AUTO_INCREMENT, AUTO_INCREMENT=2;
--
-- AUTO_INCREMENT for table `users`
--
ALTER TABLE `users`
  MODIFY `id` int(10) UNSIGNED NOT NULL AUTO_INCREMENT, AUTO_INCREMENT=25;
--
-- Constraints for dumped tables
--

--
-- Constraints for table `chats`
--
ALTER TABLE `chats`
  ADD CONSTRAINT `chats_receiver_id_foreign` FOREIGN KEY (`receiver_id`) REFERENCES `users` (`id`),
  ADD CONSTRAINT `chats_sender_id_foreign` FOREIGN KEY (`sender_id`) REFERENCES `users` (`id`);

--
-- Constraints for table `comments`
--
ALTER TABLE `comments`
  ADD CONSTRAINT `comments_question_id_foreign` FOREIGN KEY (`question_id`) REFERENCES `questions` (`id`),
  ADD CONSTRAINT `comments_user_id_foreign` FOREIGN KEY (`user_id`) REFERENCES `users` (`id`);

--
-- Constraints for table `company_details`
--
ALTER TABLE `company_details`
  ADD CONSTRAINT `company_details_company_id_foreign` FOREIGN KEY (`company_id`) REFERENCES `users` (`id`);

--
-- Constraints for table `likes`
--
ALTER TABLE `likes`
  ADD CONSTRAINT `likes_comment_id_foreign` FOREIGN KEY (`comment_id`) REFERENCES `comments` (`id`) ON DELETE CASCADE,
  ADD CONSTRAINT `likes_user_id_foreign` FOREIGN KEY (`user_id`) REFERENCES `users` (`id`) ON DELETE CASCADE;

--
-- Constraints for table `messages`
--
ALTER TABLE `messages`
  ADD CONSTRAINT `messages_receiver_id_foreign` FOREIGN KEY (`receiver_id`) REFERENCES `users` (`id`),
  ADD CONSTRAINT `messages_sender_id_foreign` FOREIGN KEY (`sender_id`) REFERENCES `users` (`id`);

--
-- Constraints for table `questions`
--
ALTER TABLE `questions`
  ADD CONSTRAINT `questions_cat_id_foreign` FOREIGN KEY (`cat_id`) REFERENCES `cats` (`id`) ON DELETE CASCADE,
  ADD CONSTRAINT `questions_user_id_foreign` FOREIGN KEY (`user_id`) REFERENCES `users` (`id`) ON DELETE CASCADE;

--
-- Constraints for table `ratings`
--
ALTER TABLE `ratings`
  ADD CONSTRAINT `ratings_company_id_foreign` FOREIGN KEY (`company_id`) REFERENCES `users` (`id`),
  ADD CONSTRAINT `ratings_user_id_foreign` FOREIGN KEY (`user_id`) REFERENCES `users` (`id`);

--
-- Constraints for table `users`
--
ALTER TABLE `users`
  ADD CONSTRAINT `users_group_id_foreign` FOREIGN KEY (`group_id`) REFERENCES `groups` (`id`);

/*!40101 SET CHARACTER_SET_CLIENT=@OLD_CHARACTER_SET_CLIENT */;
/*!40101 SET CHARACTER_SET_RESULTS=@OLD_CHARACTER_SET_RESULTS */;
/*!40101 SET COLLATION_CONNECTION=@OLD_COLLATION_CONNECTION */;
